-- Insert sample users (password: Password123#)
INSERT INTO users (id, email, password, role, full_name, avatar, phone, date_of_birth, gender, country, city, status, email_verified) VALUES
('550e8400-e29b-41d4-a716-446655440001', 'admin@ielts.com', '$2b$10$VYYuSuvbfSmy6q31szEedOBdiMNdfj1SScLikL3jE4kGTnWt3Z8CO', 'admin', 'Admin User', '/images/default_image.jpg', '+84123456789', '1985-01-15', 'male', 'Vietnam', 'Ho Chi Minh City', 'active', TRUE),
('550e8400-e29b-41d4-a716-446655440002', 'teacher1@ielts.com', '$2b$10$VYYuSuvbfSmy6q31szEedOBdiMNdfj1SScLikL3jE4kGTnWt3Z8CO', 'teacher', 'John Smith', '/images/default_image.jpg', '+84987654321', '1980-05-20', 'male', 'Vietnam', 'Hanoi', 'active', TRUE),
('550e8400-e29b-41d4-a716-446655440003', 'teacher2@ielts.com', '$2b$10$VYYuSuvbfSmy6q31szEedOBdiMNdfj1SScLikL3jE4kGTnWt3Z8CO', 'teacher', 'Sarah Johnson', '/images/default_image.jpg', '+84901234567', '1988-08-12', 'female', 'Vietnam', 'Da Nang', 'active', TRUE),
('550e8400-e29b-41d4-a716-446655440004', 'student1@ielts.com', '$2b$10$VYYuSuvbfSmy6q31szEedOBdiMNdfj1SScLikL3jE4kGTnWt3Z8CO', 'student', 'Nguyen Van A', '/images/default_image.jpg', '+84912345678', '1995-03-10', 'male', 'Vietnam', 'Ho Chi Minh City', 'active', TRUE),
('550e8400-e29b-41d4-a716-446655440005', 'student2@ielts.com', '$2b$10$VYYuSuvbfSmy6q31szEedOBdiMNdfj1SScLikL3jE4kGTnWt3Z8CO', 'student', 'Tran Thi B', '/images/default_image.jpg', '+84923456789', '1997-07-25', 'female', 'Vietnam', 'Hanoi', 'active', TRUE),
('550e8400-e29b-41d4-a716-446655440006', 'student3@ielts.com', '$2b$10$VYYuSuvbfSmy6q31szEedOBdiMNdfj1SScLikL3jE4kGTnWt3Z8CO', 'student', 'Le Van C', '/images/default_image.jpg', '+84934567890', '1996-11-30', 'male', 'Vietnam', 'Da Nang', 'active', TRUE);

-- Insert sample students
INSERT INTO students (id, user_id, bio, target_ielts_score, current_level, learning_goals, language_preference) VALUES
('450e8400-e29b-41d4-a716-446655440001', '550e8400-e29b-41d4-a716-446655440004', 'Aspiring to study abroad in Australia', 7.5, 5.5, ARRAY['Academic IELTS', 'University Application', 'Writing Improvement'], 'vi'),
('450e8400-e29b-41d4-a716-446655440002', '550e8400-e29b-41d4-a716-446655440005', 'Working professional seeking IELTS certification', 7.0, 6.0, ARRAY['General Training', 'Immigration', 'Speaking Confidence'], 'vi'),
('450e8400-e29b-41d4-a716-446655440003', '550e8400-e29b-41d4-a716-446655440006', 'Fresh graduate planning to work overseas', 8.0, 6.5, ARRAY['Academic IELTS', 'Band 8 Achievement', 'All Skills'], 'vi');

-- Insert sample teachersx
INSERT INTO teachers (id, user_id, qualification, experience_years, specializations, ielts_band_score, certificate_urls, teaching_style, hourly_rate, rating, status) VALUES
('350e8400-e29b-41d4-a716-446655440001', '550e8400-e29b-41d4-a716-446655440002', 'TESOL Certified, Masters in Applied Linguistics', 8, ARRAY['reading', 'writing', 'general'], 8.5, ARRAY['/images/default_image.jpg', '/images/default_image.jpg'], 'Interactive and practical approach with real-world examples', 500000, 4.8, 'approved'),
('350e8400-e29b-41d4-a716-446655440002', '550e8400-e29b-41d4-a716-446655440003', 'CELTA Certified, 10+ years teaching experience', 12, ARRAY['speaking', 'listening', 'general'], 9.0, ARRAY['/images/default_image.jpg'], 'Conversation-focused methodology with confidence building', 600000, 4.9, 'approved');

-- Insert sample course categories
INSERT INTO course_categories (id, name, description, icon, ordering, is_active) VALUES
('650e8400-e29b-41d4-a716-446655440001', 'IELTS Reading', 'Master IELTS Reading skills and strategies', 'book-open', 1, TRUE),
('650e8400-e29b-41d4-a716-446655440002', 'IELTS Writing', 'Improve your IELTS Writing Task 1 and Task 2', 'edit', 2, TRUE),
('650e8400-e29b-41d4-a716-446655440003', 'IELTS Listening', 'Enhance listening skills for IELTS success', 'headphones', 3, TRUE),
('650e8400-e29b-41d4-a716-446655440004', 'IELTS Speaking', 'Build confidence in IELTS Speaking test', 'mic', 4, TRUE),
('650e8400-e29b-41d4-a716-446655440005', 'Mock Tests', 'Full-length IELTS practice tests', 'clipboard-check', 5, TRUE),
('650e8400-e29b-41d4-a716-446655440006', 'General Training', 'IELTS General Training preparation', 'users', 6, TRUE);

-- Insert sample courses
INSERT INTO courses (id, teacher_id, category_id, title, description, thumbnail, skill_focus, difficulty_level, estimated_duration, price, discount_price, is_featured, enrollment_count, rating, rating_count, requirements, what_you_learn, tags, published_at) VALUES
('950e8400-e29b-41d4-a716-446655440001', '350e8400-e29b-41d4-a716-446655440001', '650e8400-e29b-41d4-a716-446655440001', 'IELTS Reading Mastery', 'Complete guide to IELTS Reading with proven strategies and practice tests', '/images/default_image.jpg', 'reading', 'intermediate', 40, 2500000, 1800000, TRUE, 145, 4.7, 89, ARRAY['Basic English proficiency', 'Target band 6.0+'], ARRAY['Reading strategies', 'Time management', 'Question types mastery', 'Academic vocabulary'], ARRAY['ielts', 'reading', 'academic'], NOW() - INTERVAL '30 days'),
('950e8400-e29b-41d4-a716-446655440002', '350e8400-e29b-41d4-a716-446655440002', '650e8400-e29b-41d4-a716-446655440004', 'IELTS Speaking Confidence', 'Build confidence and fluency for IELTS Speaking test', '/images/default_image.jpg', 'speaking', 'beginner', 25, 2200000, 1650000, TRUE, 98, 4.8, 67, ARRAY['Conversational English'], ARRAY['Pronunciation improvement', 'Fluency techniques', 'Speaking templates', 'Mock interviews'], ARRAY['ielts', 'speaking', 'confidence'], NOW() - INTERVAL '25 days'),
('950e8400-e29b-41d4-a716-446655440003', '350e8400-e29b-41d4-a716-446655440001', '650e8400-e29b-41d4-a716-446655440002', 'Academic Writing Mastery', 'Master IELTS Academic Writing Task 1 and Task 2', '/images/default_image.jpg', 'writing', 'advanced', 35, 2800000, 2100000, FALSE, 76, 4.6, 54, ARRAY['Intermediate writing skills', 'Grammar knowledge'], ARRAY['Task 1 strategies', 'Task 2 essay structures', 'Band 7+ vocabulary', 'Error correction'], ARRAY['ielts', 'writing', 'academic'], NOW() - INTERVAL '20 days'),
('950e8400-e29b-41d4-a716-446655440004', '350e8400-e29b-41d4-a716-446655440002', '650e8400-e29b-41d4-a716-446655440003', 'IELTS Listening Skills', 'Comprehensive listening preparation with all question types', '/images/default_image.jpg', 'listening', 'intermediate', 30, 2000000, 1500000, FALSE, 112, 4.5, 78, ARRAY['Basic listening skills'], ARRAY['Note-taking strategies', 'Accent recognition', 'Question prediction', 'Answer techniques'], ARRAY['ielts', 'listening', 'skills'], NOW() - INTERVAL '15 days'),
('950e8400-e29b-41d4-a716-446655440005', '350e8400-e29b-41d4-a716-446655440001', '650e8400-e29b-41d4-a716-446655440005', 'Complete IELTS Preparation', 'Full IELTS preparation covering all four skills', '/images/default_image.jpg', 'general', 'intermediate', 60, 4500000, 3200000, TRUE, 203, 4.9, 156, ARRAY['Elementary English'], ARRAY['All IELTS skills', 'Test strategies', 'Time management', 'Band score improvement'], ARRAY['ielts', 'complete', 'preparation'], NOW() - INTERVAL '45 days'),
('950e8400-e29b-41d4-a716-446655440006', '350e8400-e29b-41d4-a716-446655440002', '650e8400-e29b-41d4-a716-446655440005', 'IELTS Mock Test Series', 'Realistic IELTS mock tests with detailed feedback', '/images/default_image.jpg', 'general', 'intermediate', 20, 1800000, 1350000, FALSE, 87, 4.4, 43, ARRAY['Completed IELTS preparation'], ARRAY['Test experience', 'Performance analysis', 'Weakness identification', 'Score prediction'], ARRAY['ielts', 'mock', 'practice'], NOW() - INTERVAL '10 days'),
('950e8400-e29b-41d4-a716-446655440007', '350e8400-e29b-41d4-a716-446655440001', '650e8400-e29b-41d4-a716-446655440001', 'IELTS Grammar Foundation', 'Essential grammar for IELTS success', '/images/default_image.jpg', 'grammar', 'beginner', 25, 1500000, 1200000, FALSE, 134, 4.3, 92, ARRAY['Basic English'], ARRAY['Core grammar rules', 'Sentence structures', 'Common mistakes', 'Practice exercises'], ARRAY['ielts', 'grammar', 'foundation'], NOW() - INTERVAL '35 days'),
('950e8400-e29b-41d4-a716-446655440008', '350e8400-e29b-41d4-a716-446655440002', '650e8400-e29b-41d4-a716-446655440002', 'IELTS Vocabulary Builder', 'Advanced vocabulary for high band scores', '/images/default_image.jpg', 'vocabulary', 'advanced', 30, 2200000, 1700000, FALSE, 89, 4.6, 67, ARRAY['Intermediate vocabulary'], ARRAY['Academic vocabulary', 'Collocations', 'Idioms', 'Word families'], ARRAY['ielts', 'vocabulary', 'advanced'], NOW() - INTERVAL '28 days'),
('950e8400-e29b-41d4-a716-446655440009', '350e8400-e29b-41d4-a716-446655440001', '650e8400-e29b-41d4-a716-446655440003', 'IELTS Pronunciation Mastery', 'Perfect your pronunciation for IELTS Speaking', '/images/default_image.jpg', 'speaking', 'intermediate', 20, 1800000, 1400000, FALSE, 76, 4.5, 58, ARRAY['Basic pronunciation'], ARRAY['Sound patterns', 'Intonation', 'Stress patterns', 'Connected speech'], ARRAY['ielts', 'pronunciation', 'speaking'], NOW() - INTERVAL '22 days'),
('950e8400-e29b-41d4-a716-446655440010', '350e8400-e29b-41d4-a716-446655440002', '650e8400-e29b-41d4-a716-446655440004', 'IELTS Time Management', 'Master time management for all IELTS sections', '/images/default_image.jpg', 'general', 'intermediate', 15, 1200000, 900000, FALSE, 95, 4.4, 71, ARRAY['Basic IELTS knowledge'], ARRAY['Time strategies', 'Section planning', 'Speed techniques', 'Practice drills'], ARRAY['ielts', 'time-management', 'strategy'], NOW() - INTERVAL '18 days'),
('950e8400-e29b-41d4-a716-446655440011', '350e8400-e29b-41d4-a716-446655440001', '650e8400-e29b-41d4-a716-446655440005', 'IELTS Band 7+ Writing', 'Advanced writing techniques for Band 7+', '/images/default_image.jpg', 'writing', 'advanced', 40, 3200000, 2400000, TRUE, 67, 4.8, 45, ARRAY['Band 6+ writing'], ARRAY['Complex structures', 'Advanced vocabulary', 'Coherence', 'Task achievement'], ARRAY['ielts', 'writing', 'band7'], NOW() - INTERVAL '40 days'),
('950e8400-e29b-41d4-a716-446655440012', '350e8400-e29b-41d4-a716-446655440002', '650e8400-e29b-41d4-a716-446655440001', 'IELTS Band 8+ Reading', 'Expert reading strategies for Band 8+', '/images/default_image.jpg', 'reading', 'advanced', 35, 2800000, 2100000, FALSE, 45, 4.9, 32, ARRAY['Band 7+ reading'], ARRAY['Speed reading', 'Complex texts', 'Inference skills', 'Critical analysis'], ARRAY['ielts', 'reading', 'band8'], NOW() - INTERVAL '25 days'),
('950e8400-e29b-41d4-a716-446655440013', '350e8400-e29b-41d4-a716-446655440001', '650e8400-e29b-41d4-a716-446655440003', 'IELTS Band 8+ Speaking', 'Advanced speaking for Band 8+', '/images/default_image.jpg', 'speaking', 'advanced', 30, 2500000, 1900000, FALSE, 38, 4.7, 28, ARRAY['Band 7+ speaking'], ARRAY['Fluency mastery', 'Lexical resource', 'Grammatical range', 'Pronunciation excellence'], ARRAY['ielts', 'speaking', 'band8'], NOW() - INTERVAL '30 days'),
('950e8400-e29b-41d4-a716-446655440014', '350e8400-e29b-41d4-a716-446655440002', '650e8400-e29b-41d4-a716-446655440004', 'IELTS Band 8+ Listening', 'Expert listening for Band 8+', '/images/default_image.jpg', 'listening', 'advanced', 25, 2200000, 1700000, FALSE, 42, 4.6, 35, ARRAY['Band 7+ listening'], ARRAY['Complex accents', 'Fast speech', 'Inference', 'Detail recognition'], ARRAY['ielts', 'listening', 'band8'], NOW() - INTERVAL '20 days'),
('950e8400-e29b-41d4-a716-446655440015', '350e8400-e29b-41d4-a716-446655440001', '650e8400-e29b-41d4-a716-446655440005', 'IELTS General Training', 'Complete GT preparation', '/images/default_image.jpg', 'general', 'intermediate', 50, 3800000, 2800000, FALSE, 78, 4.5, 56, ARRAY['Basic English'], ARRAY['GT reading', 'GT writing', 'Listening', 'Speaking'], ARRAY['ielts', 'general-training', 'complete'], NOW() - INTERVAL '35 days');

-- Insert sample combo courses
INSERT INTO combo_courses (id, name, description, thumbnail, original_price, combo_price, discount_percentage, course_ids, enrollment_count, tags, created_by) VALUES
('850e8400-e29b-41d4-a716-446655440001', '3.5 - 5.0', 'Foundation to intermediate level preparation', '/images/default_image.jpg', 9500000, 6500000, 31.58, ARRAY['950e8400-e29b-41d4-a716-446655440007', '950e8400-e29b-41d4-a716-446655440002', '950e8400-e29b-41d4-a716-446655440004', '950e8400-e29b-41d4-a716-446655440010']::UUID[], 45, ARRAY['foundation', 'intermediate'], '550e8400-e29b-41d4-a716-446655440001'),
('850e8400-e29b-41d4-a716-446655440002', '5.0 - 6.0', 'Intermediate to upper-intermediate preparation', '/images/default_image.jpg', 7300000, 5200000, 28.77, ARRAY['950e8400-e29b-41d4-a716-446655440001', '950e8400-e29b-41d4-a716-446655440003', '950e8400-e29b-41d4-a716-446655440008', '950e8400-e29b-41d4-a716-446655440006']::UUID[], 32, ARRAY['intermediate', 'upper-intermediate'], '550e8400-e29b-41d4-a716-446655440001'),
('850e8400-e29b-41d4-a716-446655440003', '6.0 - 7.0', 'Upper-intermediate to advanced preparation', '/images/default_image.jpg', 6800000, 4800000, 29.41, ARRAY['950e8400-e29b-41d4-a716-446655440011', '950e8400-e29b-41d4-a716-446655440009', '950e8400-e29b-41d4-a716-446655440006']::UUID[], 28, ARRAY['upper-intermediate', 'advanced'], '550e8400-e29b-41d4-a716-446655440001'),
('850e8400-e29b-41d4-a716-446655440004', '7.0 - 8.0', 'Advanced to expert level preparation', '/images/default_image.jpg', 5500000, 3800000, 30.91, ARRAY['950e8400-e29b-41d4-a716-446655440012', '950e8400-e29b-41d4-a716-446655440013', '950e8400-e29b-41d4-a716-446655440014']::UUID[], 18, ARRAY['advanced', 'expert'], '550e8400-e29b-41d4-a716-446655440002'),
('850e8400-e29b-41d4-a716-446655440005', '3.0 - 4.0', 'Beginner to elementary preparation', '/images/default_image.jpg', 8200000, 5800000, 29.27, ARRAY['950e8400-e29b-41d4-a716-446655440007', '950e8400-e29b-41d4-a716-446655440004', '950e8400-e29b-41d4-a716-446655440010']::UUID[], 52, ARRAY['beginner', 'elementary'], '550e8400-e29b-41d4-a716-446655440001'),
('850e8400-e29b-41d4-a716-446655440006', '4.0 - 5.0', 'Elementary to intermediate preparation', '/images/default_image.jpg', 7800000, 5500000, 29.49, ARRAY['950e8400-e29b-41d4-a716-446655440001', '950e8400-e29b-41d4-a716-446655440002', '950e8400-e29b-41d4-a716-446655440008']::UUID[], 38, ARRAY['elementary', 'intermediate'], '550e8400-e29b-41d4-a716-446655440001'),
('850e8400-e29b-41d4-a716-446655440007', '5.0 - 6.0', 'Intermediate preparation', '/images/default_image.jpg', 7200000, 5000000, 30.56, ARRAY['950e8400-e29b-41d4-a716-446655440003', '950e8400-e29b-41d4-a716-446655440009', '950e8400-e29b-41d4-a716-446655440006']::UUID[], 42, ARRAY['intermediate'], '550e8400-e29b-41d4-a716-446655440002'),
('850e8400-e29b-41d4-a716-446655440008', '6.0 - 7.0', 'Upper-intermediate preparation', '/images/default_image.jpg', 6500000, 4500000, 30.77, ARRAY['950e8400-e29b-41d4-a716-446655440011', '950e8400-e29b-41d4-a716-446655440012', '950e8400-e29b-41d4-a716-446655440006']::UUID[], 25, ARRAY['upper-intermediate'], '550e8400-e29b-41d4-a716-446655440002');

-- Insert sample sections
INSERT INTO sections (id, course_id, title, description, ordering) VALUES
('c50e8400-e29b-41d4-a716-446655440001', '950e8400-e29b-41d4-a716-446655440001', 'Reading Fundamentals', 'Basic concepts and strategies for IELTS Reading', 1),
('c50e8400-e29b-41d4-a716-446655440002', '950e8400-e29b-41d4-a716-446655440001', 'Advanced Reading Techniques', 'Advanced strategies and practice', 2),
('c50e8400-e29b-41d4-a716-446655440003', '950e8400-e29b-41d4-a716-446655440002', 'Speaking Basics', 'Introduction to IELTS Speaking test', 1),
('c50e8400-e29b-41d4-a716-446655440004', '950e8400-e29b-41d4-a716-446655440002', 'Speaking Practice', 'Advanced speaking practice and fluency', 2),
('c50e8400-e29b-41d4-a716-446655440005', '950e8400-e29b-41d4-a716-446655440003', 'Writing Fundamentals', 'Basic writing skills for IELTS', 1),
('c50e8400-e29b-41d4-a716-446655440006', '950e8400-e29b-41d4-a716-446655440003', 'Advanced Writing', 'Advanced writing techniques', 2),
('c50e8400-e29b-41d4-a716-446655440007', '950e8400-e29b-41d4-a716-446655440004', 'Listening Skills', 'Essential listening strategies', 1),
('c50e8400-e29b-41d4-a716-446655440008', '950e8400-e29b-41d4-a716-446655440005', 'Complete Preparation', 'Comprehensive IELTS preparation', 1),
('c50e8400-e29b-41d4-a716-446655440009', '950e8400-e29b-41d4-a716-446655440006', 'Mock Test Preparation', 'Getting ready for mock tests', 1),
('c50e8400-e29b-41d4-a716-446655440016', '950e8400-e29b-41d4-a716-446655440007', 'Grammar Basics', 'Essential grammar rules for IELTS', 1),
('c50e8400-e29b-41d4-a716-446655440017', '950e8400-e29b-41d4-a716-446655440008', 'Vocabulary Building', 'Advanced vocabulary for high scores', 1),
('c50e8400-e29b-41d4-a716-446655440018', '950e8400-e29b-41d4-a716-446655440009', 'Pronunciation Fundamentals', 'Basic pronunciation skills', 1),
('c50e8400-e29b-41d4-a716-446655440019', '950e8400-e29b-41d4-a716-446655440010', 'Time Management Basics', 'Essential time management strategies', 1),
('c50e8400-e29b-41d4-a716-446655440020', '950e8400-e29b-41d4-a716-446655440011', 'Writing Task 1', 'Academic Writing Task 1 mastery', 1),
('c50e8400-e29b-41d4-a716-446655440021', '950e8400-e29b-41d4-a716-446655440011', 'Writing Task 2', 'Academic Writing Task 2 mastery', 2),
('c50e8400-e29b-41d4-a716-446655440022', '950e8400-e29b-41d4-a716-446655440012', 'Reading Strategies', 'Expert reading techniques', 1),
('c50e8400-e29b-41d4-a716-446655440023', '950e8400-e29b-41d4-a716-446655440013', 'Speaking Fluency', 'Advanced speaking techniques', 1),
('c50e8400-e29b-41d4-a716-446655440024', '950e8400-e29b-41d4-a716-446655440014', 'Listening Mastery', 'Expert listening skills', 1),
('c50e8400-e29b-41d4-a716-446655440025', '950e8400-e29b-41d4-a716-446655440015', 'General Training Reading', 'GT Reading preparation', 1),
('c50e8400-e29b-41d4-a716-446655440026', '950e8400-e29b-41d4-a716-446655440015', 'General Training Writing', 'GT Writing preparation', 2);

-- Insert sample lessons
INSERT INTO lessons (id, section_id, title, description, lesson_type, video_url, video_duration, document_url, ordering, is_preview) VALUES
('d50e8400-e29b-41d4-a716-446655440001', 'c50e8400-e29b-41d4-a716-446655440001', 'Introduction to IELTS Reading', 'Overview of IELTS Reading test format and scoring', 'video', '/test/video.mp4', 1800, '/images/default_image.jpg', 1, TRUE),
('d50e8400-e29b-41d4-a716-446655440002', 'c50e8400-e29b-41d4-a716-446655440002', 'Skimming and Scanning Techniques', 'Learn essential reading strategies', 'video', '/test/video.mp4', 2700, '/images/default_image.jpg', 1, FALSE),
('d50e8400-e29b-41d4-a716-446655440003', 'c50e8400-e29b-41d4-a716-446655440003', 'IELTS Speaking Part 1', 'Master the personal questions section', 'video', '/test/video.mp4', 2100, '/images/default_image.jpg', 1, TRUE),
('d50e8400-e29b-41d4-a716-446655440004', 'c50e8400-e29b-41d4-a716-446655440004', 'Cue Card Strategies', 'How to tackle Part 2 effectively', 'video', '/test/video.mp4', 3000, '/images/default_image.jpg', 1, FALSE),
('d50e8400-e29b-41d4-a716-446655440005', 'c50e8400-e29b-41d4-a716-446655440005', 'Academic Writing Task 1', 'Describing charts and graphs', 'video', '/test/video.mp4', 3300, '/images/default_image.jpg', 1, FALSE),
('d50e8400-e29b-41d4-a716-446655440006', 'c50e8400-e29b-41d4-a716-446655440007', 'Note-taking Strategies', 'Effective listening note-taking methods', 'video', '/test/video.mp4', 2400, '/images/default_image.jpg', 1, TRUE),
('d50e8400-e29b-41d4-a716-446655440007', 'c50e8400-e29b-41d4-a716-446655440008', 'Complete IELTS Overview', 'Comprehensive introduction to all IELTS skills', 'video', '/test/video.mp4', 2700, '/images/default_image.jpg', 1, TRUE),
('d50e8400-e29b-41d4-a716-446655440008', 'c50e8400-e29b-41d4-a716-446655440009', 'Mock Test Guidelines', 'How to approach IELTS mock tests', 'video', '/test/video.mp4', 1500, '/images/default_image.jpg', 1, FALSE),
('d50e8400-e29b-41d4-a716-446655440015', 'c50e8400-e29b-41d4-a716-446655440016', 'Essential Grammar Rules', 'Core grammar for IELTS success', 'video', '/test/video.mp4', 2400, '/images/default_image.jpg', 1, TRUE),
('d50e8400-e29b-41d4-a716-446655440016', 'c50e8400-e29b-41d4-a716-446655440017', 'Academic Vocabulary', 'Advanced vocabulary building', 'video', '/test/video.mp4', 2700, '/images/default_image.jpg', 1, TRUE),
('d50e8400-e29b-41d4-a716-446655440017', 'c50e8400-e29b-41d4-a716-446655440018', 'Pronunciation Basics', 'Fundamental pronunciation skills', 'video', '/test/video.mp4', 2100, '/images/default_image.jpg', 1, TRUE),
('d50e8400-e29b-41d4-a716-446655440018', 'c50e8400-e29b-41d4-a716-446655440019', 'Time Management for Reading', 'Reading time management strategies', 'video', '/test/video.mp4', 1800, '/images/default_image.jpg', 1, TRUE),
('d50e8400-e29b-41d4-a716-446655440019', 'c50e8400-e29b-41d4-a716-446655440020', 'Task 1 Chart Description', 'Mastering chart descriptions', 'video', '/test/video.mp4', 3000, '/images/default_image.jpg', 1, TRUE),
('d50e8400-e29b-41d4-a716-446655440020', 'c50e8400-e29b-41d4-a716-446655440021', 'Task 2 Essay Structure', 'Advanced essay writing techniques', 'video', '/test/video.mp4', 3300, '/images/default_image.jpg', 1, TRUE),
('d50e8400-e29b-41d4-a716-446655440021', 'c50e8400-e29b-41d4-a716-446655440022', 'Reading Question Types', 'All IELTS reading question types', 'video', '/test/video.mp4', 2700, '/images/default_image.jpg', 1, TRUE),
('d50e8400-e29b-41d4-a716-446655440022', 'c50e8400-e29b-41d4-a716-446655440023', 'Speaking Part 3 Mastery', 'Advanced Part 3 discussion skills', 'video', '/test/video.mp4', 2400, '/images/default_image.jpg', 1, TRUE),
('d50e8400-e29b-41d4-a716-446655440023', 'c50e8400-e29b-41d4-a716-446655440024', 'Listening Section 4', 'Academic lecture listening', 'video', '/test/video.mp4', 2100, '/images/default_image.jpg', 1, TRUE),
('d50e8400-e29b-41d4-a716-446655440024', 'c50e8400-e29b-41d4-a716-446655440025', 'GT Reading Practice', 'General Training reading practice', 'video', '/test/video.mp4', 2400, '/images/default_image.jpg', 1, TRUE),
('d50e8400-e29b-41d4-a716-446655440025', 'c50e8400-e29b-41d4-a716-446655440026', 'GT Writing Task 1', 'Letter writing for GT', 'video', '/test/video.mp4', 2700, '/images/default_image.jpg', 1, TRUE);

-- Insert sample enrollments
INSERT INTO enrollments (id, user_id, course_id, enrollment_date, progress_percentage, is_active) VALUES
('750e8400-e29b-41d4-a716-446655440001', '550e8400-e29b-41d4-a716-446655440004', '950e8400-e29b-41d4-a716-446655440001', NOW() - INTERVAL '25 days', 75.50, TRUE),
('750e8400-e29b-41d4-a716-446655440002', '550e8400-e29b-41d4-a716-446655440004', '950e8400-e29b-41d4-a716-446655440002', NOW() - INTERVAL '20 days', 45.25, TRUE),
('750e8400-e29b-41d4-a716-446655440003', '550e8400-e29b-41d4-a716-446655440005', '950e8400-e29b-41d4-a716-446655440003', NOW() - INTERVAL '30 days', 90.00, TRUE),
('750e8400-e29b-41d4-a716-446655440004', '550e8400-e29b-41d4-a716-446655440005', '950e8400-e29b-41d4-a716-446655440004', NOW() - INTERVAL '15 days', 60.75, TRUE),
('750e8400-e29b-41d4-a716-446655440005', '550e8400-e29b-41d4-a716-446655440006', '950e8400-e29b-41d4-a716-446655440005', NOW() - INTERVAL '40 days', 85.30, TRUE),
('750e8400-e29b-41d4-a716-446655440006', '550e8400-e29b-41d4-a716-446655440006', '950e8400-e29b-41d4-a716-446655440006', NOW() - INTERVAL '10 days', 25.00, TRUE);

-- Insert sample combo enrollments
INSERT INTO combo_enrollments (id, user_id, combo_id, enrollment_date, overall_progress_percentage, is_active) VALUES
('760e8400-e29b-41d4-a716-446655440001', '550e8400-e29b-41d4-a716-446655440004', '850e8400-e29b-41d4-a716-446655440001', NOW() - INTERVAL '35 days', 68.75, TRUE),
('760e8400-e29b-41d4-a716-446655440002', '550e8400-e29b-41d4-a716-446655440005', '850e8400-e29b-41d4-a716-446655440002', NOW() - INTERVAL '28 days', 82.50, TRUE),
('760e8400-e29b-41d4-a716-446655440003', '550e8400-e29b-41d4-a716-446655440006', '850e8400-e29b-41d4-a716-446655440003', NOW() - INTERVAL '22 days', 55.25, TRUE),
('760e8400-e29b-41d4-a716-446655440004', '550e8400-e29b-41d4-a716-446655440004', '850e8400-e29b-41d4-a716-446655440004', NOW() - INTERVAL '18 days', 45.80, TRUE),
('760e8400-e29b-41d4-a716-446655440005', '550e8400-e29b-41d4-a716-446655440005', '850e8400-e29b-41d4-a716-446655440005', NOW() - INTERVAL '15 days', 72.30, TRUE),
('760e8400-e29b-41d4-a716-446655440006', '550e8400-e29b-41d4-a716-446655440006', '850e8400-e29b-41d4-a716-446655440006', NOW() - INTERVAL '12 days', 38.90, TRUE),
('760e8400-e29b-41d4-a716-446655440007', '550e8400-e29b-41d4-a716-446655440004', '850e8400-e29b-41d4-a716-446655440007', NOW() - INTERVAL '25 days', 91.20, TRUE),
('760e8400-e29b-41d4-a716-446655440008', '550e8400-e29b-41d4-a716-446655440005', '850e8400-e29b-41d4-a716-446655440008', NOW() - INTERVAL '8 days', 15.60, TRUE);

-- Insert sample user progress
INSERT INTO user_progress (id, user_id, course_id, section_id, lesson_id, status, progress_percentage, completion_date) VALUES
('550e8400-e29b-41d4-a716-446655441001', '550e8400-e29b-41d4-a716-446655440004', '950e8400-e29b-41d4-a716-446655440001', 'c50e8400-e29b-41d4-a716-446655440001', 'd50e8400-e29b-41d4-a716-446655440001', 'completed', 100.00, NOW() - INTERVAL '3 days'),
('550e8400-e29b-41d4-a716-446655441002', '550e8400-e29b-41d4-a716-446655440004', '950e8400-e29b-41d4-a716-446655440001', 'c50e8400-e29b-41d4-a716-446655440002', 'd50e8400-e29b-41d4-a716-446655440002', 'in_progress', 65.50, NULL),
('550e8400-e29b-41d4-a716-446655441003', '550e8400-e29b-41d4-a716-446655440005', '950e8400-e29b-41d4-a716-446655440002', 'c50e8400-e29b-41d4-a716-446655440003', 'd50e8400-e29b-41d4-a716-446655440003', 'completed', 100.00, NOW() - INTERVAL '5 days'),
('550e8400-e29b-41d4-a716-446655441004', '550e8400-e29b-41d4-a716-446655440005', '950e8400-e29b-41d4-a716-446655440002', 'c50e8400-e29b-41d4-a716-446655440004', 'd50e8400-e29b-41d4-a716-446655440004', 'in_progress', 45.00, NULL),
('550e8400-e29b-41d4-a716-446655441005', '550e8400-e29b-41d4-a716-446655440006', '950e8400-e29b-41d4-a716-446655440003', 'c50e8400-e29b-41d4-a716-446655440005', 'd50e8400-e29b-41d4-a716-446655440005', 'completed', 100.00, NOW() - INTERVAL '2 days'),
('550e8400-e29b-41d4-a716-446655441006', '550e8400-e29b-41d4-a716-446655440006', '950e8400-e29b-41d4-a716-446655440004', 'c50e8400-e29b-41d4-a716-446655440007', 'd50e8400-e29b-41d4-a716-446655440006', 'not_started', 0.00, NULL);

-- Insert sample section progress
INSERT INTO section_progress (id, user_id, section_id, course_id, completed_lessons, total_lessons, progress_percentage, started_at, completed_at) VALUES
('560e8400-e29b-41d4-a716-446655440001', '550e8400-e29b-41d4-a716-446655440004', 'c50e8400-e29b-41d4-a716-446655440001', '950e8400-e29b-41d4-a716-446655440001', 1, 1, 100.00, NOW() - INTERVAL '10 days', NOW() - INTERVAL '3 days'),
('560e8400-e29b-41d4-a716-446655440002', '550e8400-e29b-41d4-a716-446655440004', 'c50e8400-e29b-41d4-a716-446655440002', '950e8400-e29b-41d4-a716-446655440001', 0, 1, 65.50, NOW() - INTERVAL '8 days', NULL),
('560e8400-e29b-41d4-a716-446655440003', '550e8400-e29b-41d4-a716-446655440005', 'c50e8400-e29b-41d4-a716-446655440003', '950e8400-e29b-41d4-a716-446655440002', 1, 1, 100.00, NOW() - INTERVAL '12 days', NOW() - INTERVAL '5 days'),
('560e8400-e29b-41d4-a716-446655440004', '550e8400-e29b-41d4-a716-446655440005', 'c50e8400-e29b-41d4-a716-446655440004', '950e8400-e29b-41d4-a716-446655440002', 0, 1, 45.00, NOW() - INTERVAL '7 days', NULL),
('560e8400-e29b-41d4-a716-446655440005', '550e8400-e29b-41d4-a716-446655440006', 'c50e8400-e29b-41d4-a716-446655440005', '950e8400-e29b-41d4-a716-446655440003', 1, 1, 100.00, NOW() - INTERVAL '15 days', NOW() - INTERVAL '2 days'),
('560e8400-e29b-41d4-a716-446655440006', '550e8400-e29b-41d4-a716-446655440006', 'c50e8400-e29b-41d4-a716-446655440007', '950e8400-e29b-41d4-a716-446655440004', 0, 1, 0.00, NOW() - INTERVAL '5 days', NULL);

-- Insert IELTS Mock Tests (4 complete tests: Reading, Listening, Writing, Speaking)
INSERT INTO mock_tests (id, title, description, test_type, duration, total_questions, difficulty_level, target_band_score, instructions, created_by) VALUES
('160e8400-e29b-41d4-a716-446655440010', 'IELTS Academic Reading Test', 'Complete Academic Reading test with 3 passages and 40 questions covering all question types', 'reading', 60, 40, 'intermediate', 6.5, 'You have 60 minutes to read three passages and answer 40 questions. Read each passage carefully and answer all questions. Transfer your answers to the answer sheet.', '550e8400-e29b-41d4-a716-446655440002'),
('160e8400-e29b-41d4-a716-446655440011', 'IELTS Academic Listening Test', 'Complete Academic Listening test with 4 sections and 40 questions', 'listening', 30, 40, 'intermediate', 6.5, 'You will hear four recordings. Listen carefully as you will hear each recording only once. Answer all 40 questions. You have 30 minutes to complete the test.', '550e8400-e29b-41d4-a716-446655440002'),
('160e8400-e29b-41d4-a716-446655440012', 'IELTS Academic Writing Test', 'Complete Academic Writing test with Task 1 and Task 2', 'writing', 60, 2, 'intermediate', 6.5, 'Complete both writing tasks. Task 1: Write at least 150 words describing the visual information. Task 2: Write at least 250 words responding to the essay question. You have 60 minutes total.', '550e8400-e29b-41d4-a716-446655440002'),
('160e8400-e29b-41d4-a716-446655440013', 'IELTS Academic Speaking Test', 'Complete Academic Speaking test with all three parts', 'speaking', 15, 3, 'intermediate', 6.5, 'This is a complete IELTS Speaking test. Part 1: Answer personal questions. Part 2: Speak for 2 minutes on a given topic. Part 3: Discuss abstract topics. Speak naturally and clearly.', '550e8400-e29b-41d4-a716-446655440002');

-- Insert test sections for 4 IELTS mock tests
INSERT INTO test_sections (id, mock_test_id, section_name, section_type, description, duration, ordering) VALUES
-- Reading Test section (1 section with 40 questions total, divided into 3 exercises/passages)
('300e8400-e29b-41d4-a716-446655440100', '160e8400-e29b-41d4-a716-446655440010', 'Reading Section', 'reading', 'Complete Academic Reading test with 3 passages and 40 questions', 60, 1),

-- Listening Test section (1 section with 40 questions total, divided into 4 exercises)
('300e8400-e29b-41d4-a716-446655440103', '160e8400-e29b-41d4-a716-446655440011', 'Listening Section', 'listening', 'Complete Academic Listening test with 4 sections and 40 questions', 30, 1),

-- Writing Test section (1 section with 2 tasks, divided into 2 exercises)
('300e8400-e29b-41d4-a716-446655440107', '160e8400-e29b-41d4-a716-446655440012', 'Writing Section', 'writing', 'Complete Academic Writing test with Task 1 and Task 2', 60, 1),

-- Speaking Test section (1 section with 3 parts, divided into 3 exercises)
('300e8400-e29b-41d4-a716-446655440109', '160e8400-e29b-41d4-a716-446655440013', 'Speaking Section', 'speaking', 'Complete Academic Speaking test with all three parts', 15, 1);

-- Insert sample exercises
INSERT INTO exercises (id, lesson_id, test_section_id, title, instruction, content, exercise_type, skill_type, time_limit, max_attempts, passing_score, ordering, is_active, audio_url) VALUES
-- Lesson exercises
('130e8400-e29b-41d4-a716-446655440001', 'd50e8400-e29b-41d4-a716-446655440001', NULL, 'Reading Comprehension Quiz', 'Read the passage and answer the questions', '{"description": "Practice reading comprehension with academic passages", "passage": "Climate change is one of the most pressing issues facing humanity today..."}', 'lesson', 'reading', 30, 3, 70.00, 1, TRUE, NULL),
('130e8400-e29b-41d4-a716-446655440002', 'd50e8400-e29b-41d4-a716-446655440002', NULL, 'Skimming Practice', 'Practice skimming techniques with these statements', '{"description": "Improve your skimming and scanning skills", "passage": "Renewable energy sources have become increasingly important..."}', 'lesson', 'reading', 15, 2, 75.00, 1, TRUE, NULL),
('130e8400-e29b-41d4-a716-446655440003', 'd50e8400-e29b-41d4-a716-446655440003', NULL, 'Part 1 Speaking Practice', 'Record your answers to these personal questions', '{"description": "Practice Part 1 speaking questions", "topic": "Personal information and familiar topics", "questions": ["Tell me about your hometown", "What do you do?", "What are your hobbies?"]}', 'lesson', 'speaking', 10, 1, 0.00, 1, TRUE, NULL),
('130e8400-e29b-41d4-a716-446655440004', 'd50e8400-e29b-41d4-a716-446655440004', NULL, 'Cue Card Practice', 'Practice with this cue card topic', '{"description": "Practice Part 2 speaking with cue card", "topic": "Describe a memorable journey", "points": ["Where you went", "When you went", "Who you went with", "What you did", "Why it was memorable"]}', 'lesson', 'speaking', 5, 2, 0.00, 1, TRUE, NULL),
('130e8400-e29b-41d4-a716-446655440005', 'd50e8400-e29b-41d4-a716-446655440005', NULL, 'Task 1 Writing Practice', 'Write a 150-word description of the chart', '{"description": "Practice Task 1 chart description", "chart_url": "/test/image.jpg", "chart_type": "bar", "data": "The chart shows renewable energy usage in different countries"}', 'lesson', 'writing', 60, 1, 0.00, 1, TRUE, NULL),
('130e8400-e29b-41d4-a716-446655440006', 'd50e8400-e29b-41d4-a716-446655440006', NULL, 'Listening Comprehension', 'Listen and answer the questions', '{"description": "Practice listening comprehension", "audio_url": "/test/audio.mp3", "audio_duration": 300, "transcript": "You will hear a conversation between a student and a librarian about finding a book in the university library..."}', 'lesson', 'listening', 25, 2, 65.00, 1, TRUE, '/test/audio.mp3');

-- Insert sample questions
INSERT INTO questions (id, exercise_id, question_text, question_type, image_url, audio_url, audio_duration, reading_passage, explanation, points, ordering, question_group) VALUES
-- Lesson questions
('140e8400-e29b-41d4-a716-446655440001', '130e8400-e29b-41d4-a716-446655440001', 'What is the main idea of the passage?', 'multiple_choice', NULL, NULL, NULL, 'Climate change is one of the most pressing issues facing humanity today...', 'The main idea is found in the first paragraph', 1.00, 1, 'Passage 1'),
('140e8400-e29b-41d4-a716-446655440002', '130e8400-e29b-41d4-a716-446655440001', 'According to the text, which statement is true?', 'multiple_choice', NULL, NULL, NULL, NULL, 'Look for supporting evidence in paragraph 2', 1.00, 1, 'Passage 1'),
('140e8400-e29b-41d4-a716-446655440003', '130e8400-e29b-41d4-a716-446655440002', 'The passage discusses environmental issues.', 'true_false', NULL, NULL, NULL, 'Environmental protection has become increasingly important...', 'Check the topic sentences of each paragraph', 1.00, 1, 'Statement 1'),
('140e8400-e29b-41d4-a716-446655440004', '130e8400-e29b-41d4-a716-446655440003', 'Tell me about your hometown.', 'speaking', NULL, NULL, NULL, NULL, 'Mention location, size, characteristics, and what you like about it', 0.00, 1, 'Part 1'),
('140e8400-e29b-41d4-a716-446655440005', '130e8400-e29b-41d4-a716-446655440005', 'Describe the main trend shown in the chart.', 'essay', '/images/default_image.jpg', NULL, NULL, NULL, 'Start with an overview of the main trend', 0.00, 1, 'Task 1'),
('140e8400-e29b-41d4-a716-446655440006', '130e8400-e29b-41d4-a716-446655440006', 'What is the speakers main concern?', 'multiple_choice', NULL, '/images/default_image.jpg3', 300, NULL, 'Listen for key phrases that indicate concern', 1.00, 1, 'Section 1');

-- Insert sample question options
INSERT INTO question_options (id, question_id, option_text, is_correct, ordering, explanation, point) VALUES
('150e8400-e29b-41d4-a716-446655440001', '140e8400-e29b-41d4-a716-446655440001', 'Climate change and its effects', TRUE, 1, 'This is mentioned as the central theme', 1.00),
('150e8400-e29b-41d4-a716-446655440002', '140e8400-e29b-41d4-a716-446655440001', 'Economic development strategies', FALSE, 2, 'This is only briefly mentioned', 0.00),
('150e8400-e29b-41d4-a716-446655440003', '140e8400-e29b-41d4-a716-446655440001', 'Political reform movements', FALSE, 3, 'Not discussed in the passage', 0.00),
('150e8400-e29b-41d4-a716-446655440004', '140e8400-e29b-41d4-a716-446655440002', 'Technology improves education quality', TRUE, 1, 'Supported by examples in paragraph 2', 1.00),
('150e8400-e29b-41d4-a716-446655440005', '140e8400-e29b-41d4-a716-446655440002', 'Traditional methods are outdated', FALSE, 2, 'The text suggests balance, not replacement', 0.00),
('150e8400-e29b-41d4-a716-446655440006', '140e8400-e29b-41d4-a716-446655440006', 'Traffic congestion in the city', TRUE, 1, 'Mentioned repeatedly throughout the audio', 1.00);

-- Insert sample orders
INSERT INTO orders (id, user_id, order_code, total_amount, discount_amount, final_amount, status, payment_method, payment_status) VALUES
('200e8400-e29b-41d4-a716-446655440001', '550e8400-e29b-41d4-a716-446655440004', 'ORD001', 2500000, 700000, 1800000, 'completed', 'zalopay', 'completed'),
('200e8400-e29b-41d4-a716-446655440002', '550e8400-e29b-41d4-a716-446655440005', 'ORD002', 2200000, 550000, 1650000, 'completed', 'stripe', 'completed'),
('200e8400-e29b-41d4-a716-446655440003', '550e8400-e29b-41d4-a716-446655440006', 'ORD003', 2800000, 700000, 2100000, 'completed', 'zalopay', 'completed'),
('200e8400-e29b-41d4-a716-446655440004', '550e8400-e29b-41d4-a716-446655440004', 'ORD004', 6500000, 0, 6500000, 'pending', 'stripe', 'pending'),
('200e8400-e29b-41d4-a716-446655440005', '550e8400-e29b-41d4-a716-446655440005', 'ORD005', 5200000, 300000, 4900000, 'completed', 'zalopay', 'completed'),
('200e8400-e29b-41d4-a716-446655440006', '550e8400-e29b-41d4-a716-446655440006', 'ORD006', 1800000, 450000, 1350000, 'failed', 'stripe', 'failed'),
('200e8400-e29b-41d4-a716-446655440007', '550e8400-e29b-41d4-a716-446655440004', 'ORD007', 3000000, 200000, 2800000, 'completed', 'zalopay', 'completed'),
('200e8400-e29b-41d4-a716-446655440008', '550e8400-e29b-41d4-a716-446655440005', 'ORD008', 4800000, 150000, 4650000, 'completed', 'stripe', 'completed'),
('200e8400-e29b-41d4-a716-446655440009', '550e8400-e29b-41d4-a716-446655440006', 'ORD009', 3800000, 300000, 3500000, 'completed', 'zalopay', 'completed'),
('200e8400-e29b-41d4-a716-446655440010', '550e8400-e29b-41d4-a716-446655440004', 'ORD010', 3200000, 0, 3200000, 'pending', 'stripe', 'pending'),
('200e8400-e29b-41d4-a716-446655440011', '550e8400-e29b-41d4-a716-446655440005', 'ORD011', 5800000, 400000, 5400000, 'completed', 'zalopay', 'completed'),
('200e8400-e29b-41d4-a716-446655440012', '550e8400-e29b-41d4-a716-446655440006', 'ORD012', 2800000, 200000, 2600000, 'completed', 'stripe', 'completed');

-- Insert sample order items
INSERT INTO order_items (id, order_id, course_id, course_title, combo_id, combo_name, item_type, price, discount_amount) VALUES
('210e8400-e29b-41d4-a716-446655440001', '200e8400-e29b-41d4-a716-446655440001', '950e8400-e29b-41d4-a716-446655440001', 'IELTS Reading Mastery', NULL, NULL, 'course', 2500000, 700000),
('210e8400-e29b-41d4-a716-446655440002', '200e8400-e29b-41d4-a716-446655440002', '950e8400-e29b-41d4-a716-446655440002', 'IELTS Speaking Confidence', NULL, NULL, 'course', 2200000, 550000),
('210e8400-e29b-41d4-a716-446655440003', '200e8400-e29b-41d4-a716-446655440003', '950e8400-e29b-41d4-a716-446655440003', 'Academic Writing Mastery', NULL, NULL, 'course', 2800000, 700000),
('210e8400-e29b-41d4-a716-446655440004', '200e8400-e29b-41d4-a716-446655440004', NULL, NULL, '850e8400-e29b-41d4-a716-446655440001', '3.5 - 5.0', 'combo', 6500000, 0),
('210e8400-e29b-41d4-a716-446655440005', '200e8400-e29b-41d4-a716-446655440005', NULL, NULL, '850e8400-e29b-41d4-a716-446655440002', '5.0 - 6.0', 'combo', 5200000, 300000),
('210e8400-e29b-41d4-a716-446655440006', '200e8400-e29b-41d4-a716-446655440006', '950e8400-e29b-41d4-a716-446655440006', 'IELTS Mock Test Series', NULL, NULL, 'course', 1800000, 450000),
('210e8400-e29b-41d4-a716-446655440007', '200e8400-e29b-41d4-a716-446655440001', NULL, NULL, '850e8400-e29b-41d4-a716-446655440003', '6.0 - 7.0', 'combo', 4800000, 200000),
('210e8400-e29b-41d4-a716-446655440008', '200e8400-e29b-41d4-a716-446655440002', NULL, NULL, '850e8400-e29b-41d4-a716-446655440004', '7.0 - 8.0', 'combo', 3800000, 150000),
('210e8400-e29b-41d4-a716-446655440009', '200e8400-e29b-41d4-a716-446655440003', NULL, NULL, '850e8400-e29b-41d4-a716-446655440005', '3.0 - 4.0', 'combo', 5800000, 300000),
('210e8400-e29b-41d4-a716-446655440010', '200e8400-e29b-41d4-a716-446655440004', NULL, NULL, '850e8400-e29b-41d4-a716-446655440006', '4.0 - 5.0', 'combo', 5500000, 0),
('210e8400-e29b-41d4-a716-446655440011', '200e8400-e29b-41d4-a716-446655440005', NULL, NULL, '850e8400-e29b-41d4-a716-446655440007', '5.0 - 6.0', 'combo', 5000000, 400000),
('210e8400-e29b-41d4-a716-446655440012', '200e8400-e29b-41d4-a716-446655440006', NULL, NULL, '850e8400-e29b-41d4-a716-446655440008', '6.0 - 7.0', 'combo', 4500000, 200000);

-- Insert sample payments
INSERT INTO payments (id, order_id, payment_method, transaction_id, amount, currency, status, processed_at) VALUES
('220e8400-e29b-41d4-a716-446655440001', '200e8400-e29b-41d4-a716-446655440001', 'zalopay', 'ZP_TXN_001', 1800000, 'VND', 'completed', NOW() - INTERVAL '25 days'),
('220e8400-e29b-41d4-a716-446655440002', '200e8400-e29b-41d4-a716-446655440002', 'stripe', 'pi_stripe_001', 1650000, 'VND', 'completed', NOW() - INTERVAL '20 days'),
('220e8400-e29b-41d4-a716-446655440003', '200e8400-e29b-41d4-a716-446655440003', 'zalopay', 'ZP_TXN_002', 2100000, 'VND', 'completed', NOW() - INTERVAL '30 days'),
('220e8400-e29b-41d4-a716-446655440004', '200e8400-e29b-41d4-a716-446655440004', 'stripe', NULL, 6500000, 'VND', 'pending', NULL),
('220e8400-e29b-41d4-a716-446655440005', '200e8400-e29b-41d4-a716-446655440005', 'zalopay', 'ZP_TXN_003', 4900000, 'VND', 'completed', NOW() - INTERVAL '15 days'),
('220e8400-e29b-41d4-a716-446655440006', '200e8400-e29b-41d4-a716-446655440006', 'stripe', 'pi_stripe_failed', 1350000, 'VND', 'failed', NOW() - INTERVAL '10 days'),
('220e8400-e29b-41d4-a716-446655440007', '200e8400-e29b-41d4-a716-446655440007', 'zalopay', 'ZP_TXN_004', 2800000, 'VND', 'completed', NOW() - INTERVAL '18 days'),
('220e8400-e29b-41d4-a716-446655440008', '200e8400-e29b-41d4-a716-446655440008', 'stripe', 'pi_stripe_002', 4650000, 'VND', 'completed', NOW() - INTERVAL '12 days'),
('220e8400-e29b-41d4-a716-446655440009', '200e8400-e29b-41d4-a716-446655440009', 'zalopay', 'ZP_TXN_005', 3500000, 'VND', 'completed', NOW() - INTERVAL '8 days'),
('220e8400-e29b-41d4-a716-446655440010', '200e8400-e29b-41d4-a716-446655440010', 'stripe', NULL, 3200000, 'VND', 'pending', NULL),
('220e8400-e29b-41d4-a716-446655440011', '200e8400-e29b-41d4-a716-446655440011', 'zalopay', 'ZP_TXN_006', 5400000, 'VND', 'completed', NOW() - INTERVAL '5 days'),
('220e8400-e29b-41d4-a716-446655440012', '200e8400-e29b-41d4-a716-446655440012', 'stripe', 'pi_stripe_003', 2600000, 'VND', 'completed', NOW() - INTERVAL '3 days');

-- Insert sample coupons
INSERT INTO coupons (id, code, name, description, coupon_type, discount_type, discount_value, minimum_amount, maximum_discount, usage_limit, used_count, valid_from, valid_until, is_active, applicable_combos, created_by) VALUES
('230e8400-e29b-41d4-a716-446655440001', 'WELCOME300', 'Welcome Bonus', '300,000 VND off for new students', 'course', 'fixed_amount', 300000, 1000000, 300000, 100, 45, NOW() - INTERVAL '30 days', NOW() + INTERVAL '60 days', TRUE, NULL, '550e8400-e29b-41d4-a716-446655440001'),
('230e8400-e29b-41d4-a716-446655440002', 'STUDENT25', 'Student Discount', '25% off all courses', 'course', 'percentage', 25.00, 800000, 800000, 200, 78, NOW() - INTERVAL '45 days', NOW() + INTERVAL '90 days', TRUE, NULL, '550e8400-e29b-41d4-a716-446655440001'),
('230e8400-e29b-41d4-a716-446655440003', 'COMBO500', 'Combo Special', '500,000 VND off combo courses', 'combo', 'fixed_amount', 500000, 3000000, 500000, 50, 23, NOW() - INTERVAL '20 days', NOW() + INTERVAL '40 days', TRUE, ARRAY['850e8400-e29b-41d4-a716-446655440001', '850e8400-e29b-41d4-a716-446655440002', '850e8400-e29b-41d4-a716-446655440003', '850e8400-e29b-41d4-a716-446655440004', '850e8400-e29b-41d4-a716-446655440005']::UUID[], '550e8400-e29b-41d4-a716-446655440001'),
('230e8400-e29b-41d4-a716-446655440004', 'FLASH50', 'Flash Sale', '50% off selected courses', 'course', 'percentage', 50.00, 1500000, 1500000, 30, 28, NOW() - INTERVAL '10 days', NOW() + INTERVAL '5 days', TRUE, NULL, '550e8400-e29b-41d4-a716-446655440001'),
('230e8400-e29b-41d4-a716-446655440005', 'EARLYBIRD', 'Early Bird Special', '20% off for early enrollment', 'course', 'percentage', 20.00, 1000000, 600000, 150, 67, NOW() - INTERVAL '60 days', NOW() + INTERVAL '30 days', TRUE, NULL, '550e8400-e29b-41d4-a716-446655440001'),
('230e8400-e29b-41d4-a716-446655440006', 'ACADEMIC15', 'Academic Discount', '15% off academic courses', 'course', 'percentage', 15.00, 2000000, 500000, 75, 34, NOW() - INTERVAL '40 days', NOW() + INTERVAL '50 days', TRUE, NULL, '550e8400-e29b-41d4-a716-446655440001');

-- Insert sample coupon usage
INSERT INTO coupon_usage (id, coupon_id, user_id, order_id, combo_id, discount_amount, used_at) VALUES
('240e8400-e29b-41d4-a716-446655440001', '230e8400-e29b-41d4-a716-446655440002', '550e8400-e29b-41d4-a716-446655440004', '200e8400-e29b-41d4-a716-446655440001', NULL, 700000, NOW() - INTERVAL '25 days'),
('240e8400-e29b-41d4-a716-446655440002', '230e8400-e29b-41d4-a716-446655440002', '550e8400-e29b-41d4-a716-446655440005', '200e8400-e29b-41d4-a716-446655440002', NULL, 550000, NOW() - INTERVAL '20 days'),
('240e8400-e29b-41d4-a716-446655440003', '230e8400-e29b-41d4-a716-446655440002', '550e8400-e29b-41d4-a716-446655440006', '200e8400-e29b-41d4-a716-446655440003', NULL, 700000, NOW() - INTERVAL '30 days'),
('240e8400-e29b-41d4-a716-446655440004', '230e8400-e29b-41d4-a716-446655440003', '550e8400-e29b-41d4-a716-446655440005', '200e8400-e29b-41d4-a716-446655440005', '850e8400-e29b-41d4-a716-446655440002', 300000, NOW() - INTERVAL '15 days'),
('240e8400-e29b-41d4-a716-446655440005', '230e8400-e29b-41d4-a716-446655440004', '550e8400-e29b-41d4-a716-446655440006', '200e8400-e29b-41d4-a716-446655440006', NULL, 450000, NOW() - INTERVAL '10 days');

-- Insert sample user submissions
INSERT INTO user_submissions (id, user_id, exercise_id, attempt_number, answers, score, max_score, time_taken, feedback, teacher_feedback, teacher_score, ai_feedback, ai_score, grading_method, graded_by, graded_at, ai_graded_at, status) VALUES
('320e8400-e29b-41d4-a716-446655440001', '550e8400-e29b-41d4-a716-446655440004', '130e8400-e29b-41d4-a716-446655440001', 1, '{"1": "A", "2": "B"}', 2.0, 2.0, 1800, 'Good work on reading comprehension', 'Excellent performance. Keep practicing vocabulary.', 2.0, 'Good reading skills. Work on time management.', 2.0, 'hybrid', '350e8400-e29b-41d4-a716-446655440001', NOW() - INTERVAL '2 days', NOW() - INTERVAL '2 days', 'graded'),
('320e8400-e29b-41d4-a716-446655440002', '550e8400-e29b-41d4-a716-446655440005', '130e8400-e29b-41d4-a716-446655440003', 1, '{"answer": "My hometown is Ho Chi Minh City..."}', 0.0, 0.0, 600, 'Good fluency and pronunciation', 'Confident speaking. Develop ideas more.', 0.0, 'Good fluency. Work on vocabulary range.', 0.0, 'hybrid', '350e8400-e29b-41d4-a716-446655440002', NOW() - INTERVAL '1 day', NOW() - INTERVAL '1 day', 'graded'),
('320e8400-e29b-41d4-a716-446655440003', '550e8400-e29b-41d4-a716-446655440006', '130e8400-e29b-41d4-a716-446655440005', 1, '{"task1": "The chart shows the percentage of..."}', 0.0, 0.0, 3600, 'Well-structured response', 'Good organization. Improve grammar accuracy.', 0.0, 'Good structure. Needs more complex vocabulary.', 0.0, 'ai', NULL, NULL, NOW() - INTERVAL '3 days', 'ai_graded');

-- Insert sample question answers
INSERT INTO question_answers (id, submission_id, question_id, answer_text, selected_options, media_url, is_correct, points_earned, ai_feedback, ai_points, teacher_feedback, teacher_points, grading_method) VALUES
('330e8400-e29b-41d4-a716-446655440001', '320e8400-e29b-41d4-a716-446655440001', '140e8400-e29b-41d4-a716-446655440001', NULL, ARRAY['150e8400-e29b-41d4-a716-446655440001']::uuid[], NULL, TRUE, 1.0, 'Correct answer. Good comprehension.', 1.0, 'Well done!', 1.0, 'hybrid'),
('330e8400-e29b-41d4-a716-446655440002', '320e8400-e29b-41d4-a716-446655440001', '140e8400-e29b-41d4-a716-446655440002', NULL, ARRAY['150e8400-e29b-41d4-a716-446655440004']::uuid[], NULL, TRUE, 1.0, 'Correct answer. Good analysis.', 1.0, 'Excellent!', 1.0, 'hybrid'),
('330e8400-e29b-41d4-a716-446655440003', '320e8400-e29b-41d4-a716-446655440002', '140e8400-e29b-41d4-a716-446655440004', 'My hometown is Ho Chi Minh City, which is the largest city in Vietnam. It is located in the south of the country and has a population of about 9 million people. I like living here because it is very dynamic and has many opportunities for work and study.', NULL, '/images/default_image.jpg3', NULL, 0.0, 'Good fluency and pronunciation. Develop ideas more.', 0.0, 'Confident speaking. Work on vocabulary range.', 0.0, 'hybrid'),
('330e8400-e29b-41d4-a716-446655440004', '320e8400-e29b-41d4-a716-446655440003', '140e8400-e29b-41d4-a716-446655440005', 'The chart shows the percentage of renewable energy sources used in different countries in 2020. Overall, Germany had the highest percentage at 45%, followed by Denmark at 40%. The lowest percentage was in Japan at 15%.', NULL, NULL, NULL, 0.0, 'Good overview. Work on data analysis and vocabulary.', 0.0, 'Well-structured response. Improve grammar.', 0.0, 'ai');

-- Insert sample blog categories
INSERT INTO blog_categories (id, name, slug, description, ordering, is_active) VALUES
('170e8400-e29b-41d4-a716-446655440001', 'IELTS Tips', 'ielts-tips', 'Useful tips and strategies for IELTS preparation', 1, TRUE),
('170e8400-e29b-41d4-a716-446655440002', 'Study Abroad', 'study-abroad', 'Information about studying overseas', 2, TRUE),
('170e8400-e29b-41d4-a716-446655440003', 'Test Experience', 'test-experience', 'Real IELTS test experiences from students', 3, TRUE),
('170e8400-e29b-41d4-a716-446655440004', 'Grammar Guide', 'grammar-guide', 'Grammar lessons for IELTS preparation', 4, TRUE),
('170e8400-e29b-41d4-a716-446655440005', 'Vocabulary', 'vocabulary', 'IELTS vocabulary building resources', 5, TRUE),
('170e8400-e29b-41d4-a716-446655440006', 'Success Stories', 'success-stories', 'Student success stories and achievements', 6, TRUE);

-- Insert sample blogs
INSERT INTO blogs (id, author_id, category_id, title, content, image, tags, status, is_featured, like_count, published_at) VALUES
('180e8400-e29b-41d4-a716-446655440001', '550e8400-e29b-41d4-a716-446655440002', '170e8400-e29b-41d4-a716-446655440001', '10 Essential IELTS Reading Tips', 'Reading is often considered one of the most manageable sections of the IELTS test...', '/images/default_image.jpg', ARRAY['reading', 'tips', 'strategy'], 'published', TRUE, 234, NOW() - INTERVAL '15 days'),
('180e8400-e29b-41d4-a716-446655440002', '550e8400-e29b-41d4-a716-446655440003', '170e8400-e29b-41d4-a716-446655440001', 'How to Improve Your IELTS Speaking Score', 'Speaking can be the most challenging part for many IELTS candidates...', '/images/default_image.jpg', ARRAY['speaking', 'improvement', 'confidence'], 'published', FALSE, 178, NOW() - INTERVAL '12 days'),
('180e8400-e29b-41d4-a716-446655440003', '550e8400-e29b-41d4-a716-446655440002', '170e8400-e29b-41d4-a716-446655440002', 'Top Universities in Australia for International Students', 'Australia remains one of the most popular destinations for international students...', '/images/default_image.jpg', ARRAY['australia', 'university', 'international'], 'published', TRUE, 456, NOW() - INTERVAL '20 days'),
('180e8400-e29b-41d4-a716-446655440004', '550e8400-e29b-41d4-a716-446655440003', '170e8400-e29b-41d4-a716-446655440003', 'My IELTS Journey: From Band 5.5 to 8.0', 'I still remember the day I got my first IELTS result - 5.5 overall...', '/images/default_image.jpg', ARRAY['experience', 'improvement', 'success'], 'published', FALSE, 312, NOW() - INTERVAL '8 days'),
('180e8400-e29b-41d4-a716-446655440005', '550e8400-e29b-41d4-a716-446655440002', '170e8400-e29b-41d4-a716-446655440004', 'Common Grammar Mistakes in IELTS Writing', 'Grammar accuracy is crucial for achieving a high score in IELTS Writing...', '/images/default_image.jpg', ARRAY['grammar', 'writing', 'mistakes'], 'published', TRUE, 298, NOW() - INTERVAL '25 days'),
('180e8400-e29b-41d4-a716-446655440006', '550e8400-e29b-41d4-a716-446655440003', '170e8400-e29b-41d4-a716-446655440005', '100 Advanced Vocabulary Words for IELTS', 'Building a strong vocabulary is essential for IELTS success...', '/images/default_image.jpg', ARRAY['vocabulary', 'advanced', 'wordlist'], 'published', FALSE, 567, NOW() - INTERVAL '30 days');

-- Insert additional sample courses for testing UI
INSERT INTO courses (id, teacher_id, category_id, title, description, thumbnail, skill_focus, difficulty_level, estimated_duration, price, discount_price, is_featured, enrollment_count, rating, rating_count, requirements, what_you_learn, tags, published_at) VALUES
('950e8400-e29b-41d4-a716-446655440016', '350e8400-e29b-41d4-a716-446655440001', '650e8400-e29b-41d4-a716-446655440001', 'Reading Practice with Images', 'Practice IELTS Reading with visual content and comprehensive questions', '/test/image.jpg', 'reading', 'intermediate', 30, 2000000, 1500000, FALSE, 56, 4.5, 34, ARRAY['Basic reading skills'], ARRAY['Image-based reading', 'Visual comprehension', 'Question analysis'], ARRAY['ielts', 'reading', 'practice'], NOW() - INTERVAL '20 days'),
('950e8400-e29b-41d4-a716-446655440017', '350e8400-e29b-41d4-a716-446655440002', '650e8400-e29b-41d4-a716-446655440003', 'Listening Practice with Audio', 'Comprehensive listening practice with audio files and various question types', '/test/image.jpg', 'listening', 'intermediate', 25, 1800000, 1350000, FALSE, 72, 4.6, 48, ARRAY['Basic listening skills'], ARRAY['Audio comprehension', 'Note-taking', 'Multiple question types'], ARRAY['ielts', 'listening', 'practice'], NOW() - INTERVAL '18 days'),
('950e8400-e29b-41d4-a716-446655440018', '350e8400-e29b-41d4-a716-446655440001', '650e8400-e29b-41d4-a716-446655440002', 'Writing with Visual Aids', 'Learn to describe charts, graphs, and images effectively in IELTS Writing', '/test/image.jpg', 'writing', 'advanced', 35, 2600000, 1950000, FALSE, 43, 4.7, 28, ARRAY['Intermediate writing'], ARRAY['Chart description', 'Data analysis', 'Visual interpretation'], ARRAY['ielts', 'writing', 'visual'], NOW() - INTERVAL '15 days');

-- Insert additional sample sections
INSERT INTO sections (id, course_id, title, description, ordering) VALUES
('c50e8400-e29b-41d4-a716-446655440010', '950e8400-e29b-41d4-a716-446655440016', 'Reading with Visual Content', 'Learn to analyze images and text together', 1),
('c50e8400-e29b-41d4-a716-446655440011', '950e8400-e29b-41d4-a716-446655440016', 'Advanced Reading Techniques', 'Master complex reading strategies with visual aids', 2),
('c50e8400-e29b-41d4-a716-446655440012', '950e8400-e29b-41d4-a716-446655440017', 'Listening Fundamentals', 'Basic listening skills with audio practice', 1),
('c50e8400-e29b-41d4-a716-446655440013', '950e8400-e29b-41d4-a716-446655440017', 'Advanced Listening Skills', 'Complex listening scenarios with various accents', 2),
('c50e8400-e29b-41d4-a716-446655440014', '950e8400-e29b-41d4-a716-446655440018', 'Task 1 Visual Description', 'Describing charts, graphs, and diagrams', 1),
('c50e8400-e29b-41d4-a716-446655440015', '950e8400-e29b-41d4-a716-446655440018', 'Task 2 Essay Writing', 'Advanced essay writing with visual support', 2);

-- Insert additional sample lessons with video from test folder
INSERT INTO lessons (id, section_id, title, description, lesson_type, video_url, video_duration, document_url, ordering, is_preview) VALUES
('d50e8400-e29b-41d4-a716-446655440009', 'c50e8400-e29b-41d4-a716-446655440010', 'Reading Images and Text Together', 'Learn how to analyze visual content in reading passages', 'video', '/test/video.mp4', 2400, '/images/default_image.jpg', 1, TRUE),
('d50e8400-e29b-41d4-a716-446655440010', 'c50e8400-e29b-41d4-a716-446655440011', 'Advanced Visual Reading Strategies', 'Master complex techniques for reading with images', 'video', '/test/video.mp4', 2700, '/images/default_image.jpg', 1, FALSE),
('d50e8400-e29b-41d4-a716-446655440011', 'c50e8400-e29b-41d4-a716-446655440012', 'Introduction to Audio Listening', 'Basic strategies for listening comprehension', 'video', '/test/video.mp4', 2100, '/images/default_image.jpg', 1, TRUE),
('d50e8400-e29b-41d4-a716-446655440012', 'c50e8400-e29b-41d4-a716-446655440013', 'Complex Audio Scenarios', 'Advanced listening with various accents and speeds', 'video', '/test/video.mp4', 3000, '/images/default_image.jpg', 1, FALSE),
('d50e8400-e29b-41d4-a716-446655440013', 'c50e8400-e29b-41d4-a716-446655440014', 'Describing Charts and Graphs', 'Learn to effectively describe visual data', 'video', '/test/video.mp4', 3300, '/images/default_image.jpg', 1, TRUE),
('d50e8400-e29b-41d4-a716-446655440014', 'c50e8400-e29b-41d4-a716-446655440015', 'Essay Writing with Visual Support', 'Advanced techniques for incorporating visual elements', 'video', '/test/video.mp4', 3600, '/images/default_image.jpg', 1, FALSE);

-- Insert additional sample exercises with audio and image support
INSERT INTO exercises (id, lesson_id, test_section_id, title, instruction, content, exercise_type, skill_type, time_limit, max_attempts, passing_score, ordering, is_active, audio_url) VALUES
-- Reading exercises with images
('130e8400-e29b-41d4-a716-446655440019', 'd50e8400-e29b-41d4-a716-446655440009', NULL, 'Reading Comprehension with Image', 'Read the passage and analyze the image to answer the questions', '{"passage": "The diagram shows the process of water cycle...", "image_url": "/test/image.jpg"}', 'lesson', 'reading', 30, 3, 70.00, 1, TRUE, NULL),
('130e8400-e29b-41d4-a716-446655440020', 'd50e8400-e29b-41d4-a716-446655440010', NULL, 'Advanced Reading with Visual Aids', 'Practice reading complex passages with multiple images', '{"passage": "Renewable energy sources have become increasingly important...", "images": ["/test/image.jpg"]}', 'lesson', 'reading', 35, 2, 75.00, 1, TRUE, NULL),
-- Listening exercises with audio
('130e8400-e29b-41d4-a716-446655440021', 'd50e8400-e29b-41d4-a716-446655440011', NULL, 'Listening Practice with Audio', 'Listen to the audio and answer the questions', '{"audio_url": "/test/audio.mp3", "audio_duration": 180, "transcript": "You will hear a conversation about..."}', 'lesson', 'listening', 25, 3, 65.00, 1, TRUE, '/test/audio.mp3'),
('130e8400-e29b-41d4-a716-446655440022', 'd50e8400-e29b-41d4-a716-446655440012', NULL, 'Complex Listening Scenario', 'Listen to a longer conversation and answer multiple question types', '{"audio_url": "/test/audio.mp3", "audio_duration": 300, "transcript": "You will hear a longer conversation about..."}', 'lesson', 'listening', 30, 2, 70.00, 1, TRUE, '/test/audio.mp3'),
-- Writing exercises with images
('130e8400-e29b-41d4-a716-446655440023', 'd50e8400-e29b-41d4-a716-446655440013', NULL, 'Describe the Chart', 'Write a 150-word description of the chart provided', '{"chart_url": "/test/image.jpg", "chart_type": "bar", "passage": "The bar chart illustrates the percentage of renewable energy sources used in different countries in 2020. Overall, Germany had the highest percentage at 45%, followed by Denmark at 40%."}', 'lesson', 'writing', 60, 1, 0.00, 1, TRUE, NULL),
('130e8400-e29b-41d4-a716-446655440024', 'd50e8400-e29b-41d4-a716-446655440014', NULL, 'Essay with Visual Data', 'Write an essay analyzing the provided visual data', '{"image_url": "/test/image.jpg", "essay_type": "opinion", "passage": "Some people believe that visual data is more effective than written information. Discuss both views and give your own opinion."}', 'lesson', 'writing', 60, 1, 0.00, 1, TRUE, NULL);

-- Insert additional sample questions with images and audio
INSERT INTO questions (id, exercise_id, question_text, question_type, image_url, audio_url, audio_duration, reading_passage, explanation, points, ordering, question_group) VALUES
-- Reading questions with images
('140e8400-e29b-41d4-a716-446655440018', '130e8400-e29b-41d4-a716-446655440019', 'What does the diagram illustrate?', 'multiple_choice', '/test/image.jpg', NULL, NULL, 'The water cycle diagram shows how water moves through the environment...', 'Look at the diagram carefully to identify the main process shown', 1.00, 1, 'Passage 1'),
('140e8400-e29b-41d4-a716-446655440019', '130e8400-e29b-41d4-a716-446655440019', 'According to the diagram, where does water vapor form?', 'multiple_choice', '/test/image.jpg', NULL, NULL, NULL, 'The diagram shows the formation of water vapor from oceans and lakes', 1.00, 2, 'Passage 1'),
('140e8400-e29b-41d4-a716-446655440020', '130e8400-e29b-41d4-a716-446655440020', 'What is the main purpose of the visual aid shown in the passage?', 'multiple_choice', '/test/image.jpg', NULL, NULL, 'Renewable energy sources include solar, wind, and hydroelectric power...', 'The image supports the main idea presented in the text', 1.00, 1, 'Passage 2'),
('140e8400-e29b-41d4-a716-446655440021', '130e8400-e29b-41d4-a716-446655440020', 'Complete the sentence: The image shows that solar energy is _____ than wind energy.', 'fill_blank', '/test/image.jpg', NULL, NULL, NULL, 'Compare the visual data shown in the image', 1.00, 2, 'Passage 2'),
-- Listening questions with audio
('140e8400-e29b-41d4-a716-446655440022', '130e8400-e29b-41d4-a716-446655440021', 'What is the main topic of the conversation?', 'multiple_choice', NULL, '/test/audio.mp3', 180, NULL, 'Listen carefully to the introduction and main discussion points', 1.00, 1, 'Section 1'),
('140e8400-e29b-41d4-a716-446655440023', '130e8400-e29b-41d4-a716-446655440021', 'Where does the conversation take place?', 'multiple_choice', NULL, '/test/audio.mp3', 180, NULL, 'Listen for contextual clues about the location', 1.00, 2, 'Section 1'),
('140e8400-e29b-41d4-a716-446655440024', '130e8400-e29b-41d4-a716-446655440021', 'Complete the sentence: The speaker mentions that the event will start at _____.', 'fill_blank', NULL, '/test/audio.mp3', 180, NULL, 'Listen for specific time information', 1.00, 3, 'Section 1'),
('140e8400-e29b-41d4-a716-446655440025', '130e8400-e29b-41d4-a716-446655440022', 'What is the speakers opinion about the topic?', 'multiple_choice', NULL, '/test/audio.mp3', 300, NULL, 'Listen for opinion markers and the speakers stance', 1.00, 1, 'Section 2'),
('140e8400-e29b-41d4-a716-446655440026', '130e8400-e29b-41d4-a716-446655440022', 'Fill in the blank: The main advantage mentioned is _____.', 'fill_blank', NULL, '/test/audio.mp3', 300, NULL, 'Listen for specific advantages discussed', 1.00, 2, 'Section 2'),
-- Writing questions with images
('140e8400-e29b-41d4-a716-446655440027', '130e8400-e29b-41d4-a716-446655440023', 'Describe the main trends shown in the chart.', 'essay', '/test/image.jpg', NULL, NULL, NULL, 'Start with an overview, then describe specific trends with data', 0.00, 1, 'Task 1'),
('140e8400-e29b-41d4-a716-446655440028', '130e8400-e29b-41d4-a716-446655440024', 'Analyze the visual data and write an opinion essay.', 'essay', '/test/image.jpg', NULL, NULL, NULL, 'Use the visual data to support your opinion with clear arguments', 0.00, 1, 'Task 2');

-- Insert additional sample question options for multiple choice questions
INSERT INTO question_options (id, question_id, option_text, is_correct, ordering, explanation, point) VALUES
-- Options for reading question 018
('150e8400-e29b-41d4-a716-446655440007', '140e8400-e29b-41d4-a716-446655440018', 'The water cycle process', TRUE, 1, 'The diagram clearly shows the water cycle', 1.00),
('150e8400-e29b-41d4-a716-446655440008', '140e8400-e29b-41d4-a716-446655440018', 'Ocean currents', FALSE, 2, 'This is not shown in the diagram', 0.00),
('150e8400-e29b-41d4-a716-446655440009', '140e8400-e29b-41d4-a716-446655440018', 'Weather patterns', FALSE, 3, 'The diagram focuses on water movement, not weather', 0.00),
('150e8400-e29b-41d4-a716-446655440010', '140e8400-e29b-41d4-a716-446655440018', 'Plant growth cycles', FALSE, 4, 'Not related to the diagram content', 0.00),
-- Options for reading question 019
('150e8400-e29b-41d4-a716-446655440011', '140e8400-e29b-41d4-a716-446655440019', 'Over oceans and lakes', TRUE, 1, 'The diagram shows water vapor forming from water bodies', 1.00),
('150e8400-e29b-41d4-a716-446655440012', '140e8400-e29b-41d4-a716-446655440019', 'In the atmosphere', FALSE, 2, 'Water vapor condenses in the atmosphere, not forms there', 0.00),
('150e8400-e29b-41d4-a716-446655440013', '140e8400-e29b-41d4-a716-446655440019', 'Underground', FALSE, 3, 'Not shown in the water cycle diagram', 0.00),
('150e8400-e29b-41d4-a716-446655440014', '140e8400-e29b-41d4-a716-446655440019', 'In plants only', FALSE, 4, 'Plants are part of the cycle but not the primary source', 0.00),
-- Options for reading question 020
('150e8400-e29b-41d4-a716-446655440015', '140e8400-e29b-41d4-a716-446655440020', 'To illustrate renewable energy sources', TRUE, 1, 'The image directly supports the passage topic', 1.00),
('150e8400-e29b-41d4-a716-446655440016', '140e8400-e29b-41d4-a716-446655440020', 'To show energy consumption', FALSE, 2, 'Not the main purpose of the visual', 0.00),
('150e8400-e29b-41d4-a716-446655440017', '140e8400-e29b-41d4-a716-446655440020', 'To compare different countries', FALSE, 3, 'The image does not show country comparisons', 0.00),
('150e8400-e29b-41d4-a716-446655440018', '140e8400-e29b-41d4-a716-446655440020', 'To explain technical processes', FALSE, 4, 'The image is more about energy types than processes', 0.00),
-- Options for listening question 022
('150e8400-e29b-41d4-a716-446655440019', '140e8400-e29b-41d4-a716-446655440022', 'University course registration', TRUE, 1, 'The conversation discusses course enrollment', 1.00),
('150e8400-e29b-41d4-a716-446655440020', '140e8400-e29b-41d4-a716-446655440022', 'Job interview', FALSE, 2, 'Not mentioned in the conversation', 0.00),
('150e8400-e29b-41d4-a716-446655440021', '140e8400-e29b-41d4-a716-446655440022', 'Travel arrangements', FALSE, 3, 'Not the topic of discussion', 0.00),
('150e8400-e29b-41d4-a716-446655440022', '140e8400-e29b-41d4-a716-446655440022', 'Restaurant booking', FALSE, 4, 'Not related to the conversation', 0.00),
-- Options for listening question 023
('150e8400-e29b-41d4-a716-446655440023', '140e8400-e29b-41d4-a716-446655440023', 'In a university office', TRUE, 1, 'Context clues suggest an academic setting', 1.00),
('150e8400-e29b-41d4-a716-446655440024', '140e8400-e29b-41d4-a716-446655440023', 'In a library', FALSE, 2, 'Not indicated in the conversation', 0.00),
('150e8400-e29b-41d4-a716-446655440025', '140e8400-e29b-41d4-a716-446655440023', 'At a caf', FALSE, 3, 'Not the setting for this conversation', 0.00),
('150e8400-e29b-41d4-a716-446655440026', '140e8400-e29b-41d4-a716-446655440023', 'On the phone', FALSE, 4, 'The conversation suggests face-to-face interaction', 0.00),
-- Options for listening question 025
('150e8400-e29b-41d4-a716-446655440027', '140e8400-e29b-41d4-a716-446655440025', 'Positive and supportive', TRUE, 1, 'The speaker expresses favorable views', 1.00),
('150e8400-e29b-41d4-a716-446655440028', '140e8400-e29b-41d4-a716-446655440025', 'Negative and critical', FALSE, 2, 'Not the tone of the speaker', 0.00),
('150e8400-e29b-41d4-a716-446655440029', '140e8400-e29b-41d4-a716-446655440025', 'Neutral and objective', FALSE, 3, 'The speaker shows personal opinion', 0.00),
('150e8400-e29b-41d4-a716-446655440030', '140e8400-e29b-41d4-a716-446655440025', 'Uncertain and hesitant', FALSE, 4, 'The speaker seems confident in their views', 0.00);

-- Insert exercises for new lessons
INSERT INTO exercises (id, lesson_id, test_section_id, title, instruction, content, exercise_type, skill_type, time_limit, max_attempts, passing_score, ordering, is_active, audio_url) VALUES
-- Exercises for new lessons
('130e8400-e29b-41d4-a716-446655440025', 'd50e8400-e29b-41d4-a716-446655440015', NULL, 'Grammar Practice Exercise', 'Complete the sentences with correct grammar', '{"description": "Practice essential grammar rules for IELTS", "passage": "Grammar is fundamental to effective communication in English. Understanding sentence structure, verb tenses, and word order is crucial for achieving a high IELTS score."}', 'lesson', 'reading', 20, 3, 70.00, 1, TRUE, NULL),
('130e8400-e29b-41d4-a716-446655440026', 'd50e8400-e29b-41d4-a716-446655440016', NULL, 'Vocabulary Building Exercise', 'Learn and practice advanced vocabulary', '{"description": "Build your academic vocabulary", "passage": "Academic vocabulary is essential for success in IELTS. Words such as ''analyze'', ''evaluate'', ''demonstrate'', and ''illustrate'' are commonly used in academic contexts and can significantly improve your writing and speaking scores."}', 'lesson', 'reading', 25, 2, 75.00, 1, TRUE, NULL),
('130e8400-e29b-41d4-a716-446655440027', 'd50e8400-e29b-41d4-a716-446655440017', NULL, 'Pronunciation Practice', 'Record and practice pronunciation', '{"description": "Practice pronunciation for IELTS Speaking", "topic": "Pronunciation and stress patterns", "instructions": "Focus on word stress, sentence stress, and intonation patterns. Practice pronouncing difficult sounds and pay attention to connected speech."}', 'lesson', 'speaking', 15, 2, 0.00, 1, TRUE, NULL),
('130e8400-e29b-41d4-a716-446655440028', 'd50e8400-e29b-41d4-a716-446655440018', NULL, 'Reading Time Management', 'Practice reading with time constraints', '{"description": "Improve your reading speed and time management", "passage": "Time management is crucial for IELTS Reading. You have 60 minutes to read three passages and answer 40 questions. Effective strategies include skimming for main ideas, scanning for specific information, and managing your time wisely across all three passages."}', 'lesson', 'reading', 30, 3, 70.00, 1, TRUE, NULL),
('130e8400-e29b-41d4-a716-446655440029', 'd50e8400-e29b-41d4-a716-446655440019', NULL, 'Task 1 Chart Description Practice', 'Describe charts and graphs effectively', '{"description": "Master Task 1 chart descriptions", "chart_url": "/test/image.jpg", "chart_type": "bar", "passage": "The bar chart illustrates the percentage of renewable energy sources used in different countries in 2020. Overall, Germany had the highest percentage at 45%, followed by Denmark at 40%, and the United Kingdom at 35%. Japan had the lowest percentage at 15%. The chart demonstrates the varying levels of renewable energy adoption across different nations."}', 'lesson', 'writing', 60, 1, 0.00, 1, TRUE, NULL),
('130e8400-e29b-41d4-a716-446655440030', 'd50e8400-e29b-41d4-a716-446655440020', NULL, 'Task 2 Essay Writing Practice', 'Write structured essays for Task 2', '{"description": "Practice Task 2 essay writing", "passage": "Some people believe that technology has improved our lives significantly, while others argue that it has created more problems than it has solved. Discuss both views and give your own opinion. Technology has undoubtedly transformed modern society in numerous ways. On one hand, it has revolutionized communication, healthcare, and education. On the other hand, concerns about privacy, job displacement, and social isolation have emerged."}', 'lesson', 'writing', 60, 1, 0.00, 1, TRUE, NULL),
('130e8400-e29b-41d4-a716-446655440031', 'd50e8400-e29b-41d4-a716-446655440021', NULL, 'Reading Question Types Practice', 'Practice all IELTS reading question types', '{"description": "Master all reading question types", "passage": "The passage discusses the importance of biodiversity in maintaining ecosystem balance. Biodiversity refers to the variety of life on Earth, including the diversity of species, genes, and ecosystems. High biodiversity is essential for ecosystem stability, as different species play unique roles in maintaining ecological processes."}', 'lesson', 'reading', 35, 2, 75.00, 1, TRUE, NULL),
('130e8400-e29b-41d4-a716-446655440112', 'd50e8400-e29b-41d4-a716-446655440021', NULL, 'Reading Comprehension Practice', 'Practice reading comprehension with various question types', '{"description": "Improve reading comprehension skills", "passage": "Climate change is one of the most pressing issues facing humanity today. Scientists have documented rising global temperatures, melting ice caps, and increasing sea levels. These changes are primarily driven by human activities, particularly the burning of fossil fuels and deforestation. The consequences of climate change are far-reaching, affecting weather patterns, agriculture, and biodiversity worldwide."}', 'lesson', 'reading', 30, 2, 70.00, 2, TRUE, NULL),
('130e8400-e29b-41d4-a716-446655440032', 'd50e8400-e29b-41d4-a716-446655440022', NULL, 'Speaking Part 3 Practice', 'Practice Part 3 discussion skills', '{"description": "Improve Part 3 speaking skills", "topic": "Technology and Education", "instructions": "Discuss abstract topics related to technology and education. Express your opinions, analyze problems, and discuss implications. Provide well-structured answers with examples and reasoning."}', 'lesson', 'speaking', 10, 2, 0.00, 1, TRUE, NULL),
('130e8400-e29b-41d4-a716-446655440033', 'd50e8400-e29b-41d4-a716-446655440023', NULL, 'Listening Section 4 Practice', 'Practice academic lecture listening', '{"description": "Master Section 4 listening skills", "audio_url": "/test/audio.mp3", "audio_duration": 600, "transcript": "Today''s lecture focuses on ancient civilizations and their contributions to modern society. We will explore the development of early human societies, their achievements in architecture, science, and culture, and how these ancient innovations continue to influence our world today."}', 'lesson', 'listening', 30, 2, 70.00, 1, TRUE, '/test/audio.mp3'),
('130e8400-e29b-41d4-a716-446655440034', 'd50e8400-e29b-41d4-a716-446655440024', NULL, 'GT Reading Practice', 'Practice General Training reading', '{"description": "GT reading comprehension practice", "passage": "Looking for a reliable cleaning service? Our company offers professional cleaning services for homes and offices. We have been serving the community for over 10 years with a team of experienced and trained staff. Our services include regular house cleaning, deep cleaning, office maintenance, and specialized cleaning for events."}', 'lesson', 'reading', 30, 3, 70.00, 1, TRUE, NULL),
('130e8400-e29b-41d4-a716-446655440035', 'd50e8400-e29b-41d4-a716-446655440025', NULL, 'GT Writing Task 1 Practice', 'Practice letter writing for GT', '{"description": "Master GT letter writing", "passage": "You recently stayed at a hotel and were not satisfied with the service. Write a letter to the hotel manager explaining what went wrong and what you would like them to do about it. Include details about your stay, the specific problems you encountered, and your expectations for resolution."}', 'lesson', 'writing', 60, 1, 0.00, 1, TRUE, NULL);

-- Insert question groups for exercises
-- NOTE: Question groups are ONLY for mock_test exercises (those with test_section_id)
-- Lesson exercises (with lesson_id) should have questions directly, not in question_groups
INSERT INTO question_groups (id, exercise_id, image_url, group_title, group_instruction, passage_reference, question_type, ordering, question_range, correct_answer_count) VALUES
-- Writing question groups
('160e8400-e29b-41d4-a716-446655440015', '130e8400-e29b-41d4-a716-446655440005', NULL, 'Task 1', 'Write a 150-word report describing the chart. The chart shows the percentage of renewable energy sources used in different countries in 2020. Germany had the highest percentage at 45%, followed by Denmark at 40%, and the United Kingdom at 35%. Japan had the lowest percentage at 15%. The chart illustrates the varying levels of renewable energy adoption across different nations, with European countries generally showing higher percentages compared to Asian countries.', '/test/image.jpg', 'essay', 1, '1', 1),
('160e8400-e29b-41d4-a716-446655440016', '130e8400-e29b-41d4-a716-446655440005', NULL, 'Task 2', 'Write a 250-word essay on the given topic. Some people believe that technology has improved our lives significantly, while others argue that it has created more problems than it has solved. Discuss both views and give your own opinion. Technology has undoubtedly transformed modern society in numerous ways. On one hand, it has revolutionized communication, healthcare, and education, making information more accessible and improving quality of life. On the other hand, concerns about privacy, job displacement, and social isolation have emerged. It is essential to consider both perspectives when evaluating technology''s impact on our lives.', NULL, 'essay', 2, '2', 1),
('160e8400-e29b-41d4-a716-446655440017', '130e8400-e29b-41d4-a716-446655440029', NULL, 'Task 1', 'Write a 150-word description of the chart provided. The bar chart illustrates the percentage of renewable energy sources used in different countries in 2020. Overall, Germany had the highest percentage at 45%, followed by Denmark at 40%, and the United Kingdom at 35%. Japan had the lowest percentage at 15%. The chart demonstrates the varying levels of renewable energy adoption across different nations, with European countries generally showing higher percentages compared to Asian countries.', '/test/image.jpg', 'essay', 1, '1', 1),
('160e8400-e29b-41d4-a716-446655440018', '130e8400-e29b-41d4-a716-446655440030', NULL, 'Task 2', 'Write a 250-word essay on the given topic. Many people believe that social media has had a negative impact on society, while others argue that it has brought people closer together. Discuss both views and give your own opinion. Social media platforms have become an integral part of modern life, connecting billions of people worldwide. Proponents argue that social media facilitates communication, enables information sharing, and helps maintain relationships across distances. Critics, however, point to issues such as cyberbullying, privacy concerns, and the spread of misinformation. The debate continues as we navigate the complex relationship between social media and society.', NULL, 'essay', 1, '1', 1),
('160e8400-e29b-41d4-a716-446655440019', '130e8400-e29b-41d4-a716-446655440035', NULL, 'Task 1', 'Write a letter for General Training. You recently stayed at a hotel and were not satisfied with the service. Write a letter to the hotel manager explaining what went wrong and what you would like them to do about it. Include details about your stay, the specific problems you encountered, and your expectations for resolution. The letter should be formal but polite, clearly stating your concerns and desired outcome.', NULL, 'essay', 1, '1', 1);

INSERT INTO questions (id, exercise_id, question_group_id, question_text, question_type, image_url, audio_url, audio_duration, reading_passage, explanation, points, ordering, question_group) VALUES
-- Questions for reading exercise 001 (lesson exercise - no question_group_id)
('140e8400-e29b-41d4-a716-446655440029', '130e8400-e29b-41d4-a716-446655440001', NULL, 'What is the main topic of the passage?', 'multiple_choice', NULL, NULL, NULL, 'Climate change is one of the most pressing issues facing humanity today. Scientists have been warning about the consequences of global warming for decades...', '{"correct_answer": "Climate change and its effects"}', 1.00, 1, 'Passage 1'),
('140e8400-e29b-41d4-a716-446655440030', '130e8400-e29b-41d4-a716-446655440001', NULL, 'According to paragraph 2, what is the primary cause of climate change?', 'multiple_choice', NULL, NULL, NULL, NULL, '{"correct_answer": "Human activities"}', 1.00, 2, 'Passage 1'),
('140e8400-e29b-41d4-a716-446655440031', '130e8400-e29b-41d4-a716-446655440001', NULL, 'What does the author suggest in paragraph 3?', 'multiple_choice', NULL, NULL, NULL, NULL, '{"correct_answer": "Immediate action is required"}', 1.00, 3, 'Passage 1'),
('140e8400-e29b-41d4-a716-446655440032', '130e8400-e29b-41d4-a716-446655440001', NULL, 'Complete the sentence: The passage states that renewable energy is _____.', 'fill_blank', NULL, NULL, NULL, NULL, '{"correct_answer": "essential"}', 1.00, 6, 'Passage 1'),
('140e8400-e29b-41d4-a716-446655440033', '130e8400-e29b-41d4-a716-446655440001', NULL, 'Fill in the blank: Scientists believe that _____ action is necessary.', 'fill_blank', NULL, NULL, NULL, NULL, '{"correct_answer": "immediate"}', 1.00, 7, 'Passage 1'),
-- Questions for reading exercise 002 (drop_list) - lesson exercise, no question_group_id
('140e8400-e29b-41d4-a716-446655440034', '130e8400-e29b-41d4-a716-446655440002', NULL, 'Choose the best word to complete: Renewable energy sources have become _____ important in recent years.', 'drop_list', NULL, NULL, NULL, 'Renewable energy sources have become increasingly important in recent years as the world seeks to reduce its dependence on fossil fuels...', '{"correct_answer": "increasingly"}', 1.00, 1, 'Passage 1'),
('140e8400-e29b-41d4-a716-446655440035', '130e8400-e29b-41d4-a716-446655440002', NULL, 'Choose the best word: Solar energy has many _____ over traditional energy sources.', 'drop_list', NULL, NULL, NULL, 'Solar energy has many advantages over traditional energy sources...', '{"correct_answer": "advantages"}', 1.00, 2, 'Passage 1'),
('140e8400-e29b-41d4-a716-446655440036', '130e8400-e29b-41d4-a716-446655440002', NULL, 'Choose the best word: Wind energy has seen significant _____ in many countries.', 'drop_list', NULL, NULL, NULL, 'Wind energy has seen significant development in many countries...', '{"correct_answer": "development"}', 1.00, 3, 'Passage 1'),
('140e8400-e29b-41d4-a716-446655440037', '130e8400-e29b-41d4-a716-446655440002', NULL, 'Choose the best word: The future of renewable energy looks _____.', 'drop_list', NULL, NULL, NULL, 'The future of renewable energy looks promising as technology continues to improve...', '{"correct_answer": "promising"}', 1.00, 4, 'Passage 1'),
-- Questions for grammar exercise - lesson exercise, no question_group_id
('140e8400-e29b-41d4-a716-446655440038', '130e8400-e29b-41d4-a716-446655440025', NULL, 'Complete: I _____ studying English for five years.', 'fill_blank', NULL, NULL, NULL, NULL, '{"correct_answer": "have been", "explanation": "The sentence requires the present perfect continuous tense to show an action that started in the past and continues to the present."}', 1.00, 1, 'Grammar'),
('140e8400-e29b-41d4-a716-446655440039', '130e8400-e29b-41d4-a716-446655440025', NULL, 'Complete: The book _____ by many students.', 'fill_blank', NULL, NULL, NULL, NULL, '{"correct_answer": "is read", "explanation": "This is a passive voice construction. The book (subject) receives the action of being read by students."}', 1.00, 2, 'Grammar'),
-- Questions for vocabulary exercise - lesson exercise, no question_group_id
('140e8400-e29b-41d4-a716-446655440040', '130e8400-e29b-41d4-a716-446655440026', NULL, 'Choose the best word: The research shows a _____ correlation between education and income.', 'multiple_choice', NULL, NULL, NULL, NULL, '{"correct_answer": "significant"}', 1.00, 1, 'Vocabulary'),
('140e8400-e29b-41d4-a716-446655440041', '130e8400-e29b-41d4-a716-446655440026', NULL, 'Choose the best word: The government needs to _____ policies to address climate change.', 'multiple_choice', NULL, NULL, NULL, NULL, '{"correct_answer": "implement"}', 1.00, 2, 'Vocabulary'),
-- Questions for reading time management exercise - lesson exercise, no question_group_id
('140e8400-e29b-41d4-a716-446655440042', '130e8400-e29b-41d4-a716-446655440028', NULL, 'What is the main idea of Passage 1?', 'multiple_choice', NULL, NULL, NULL, 'The development of artificial intelligence has transformed many aspects of modern life...', '{"correct_answer": "AI transformation"}', 1.00, 1, 'Passage 1'),
-- Questions for reading question types exercise - lesson exercise, no question_group_id
('140e8400-e29b-41d4-a716-446655440043', '130e8400-e29b-41d4-a716-446655440031', NULL, 'What is the main purpose of the passage?', 'multiple_choice', NULL, NULL, NULL, 'The passage discusses the importance of biodiversity in maintaining ecosystem balance...', '{"correct_answer": "To explain biodiversity importance", "explanation": "The passage focuses on explaining why biodiversity is important for maintaining ecosystem balance."}', 1.00, 1, 'Passage 1'),
('140e8400-e29b-41d4-a716-446655440044', '130e8400-e29b-41d4-a716-446655440031', NULL, 'Choose the best word: Biodiversity is _____ for maintaining ecosystem balance.', 'drop_list', NULL, NULL, NULL, NULL, '{"correct_answer": "essential", "explanation": "The word ''essential'' means absolutely necessary, which accurately describes biodiversity''s role in ecosystem balance."}', 1.00, 2, 'Passage 1'),
('140e8400-e29b-41d4-a716-446655440045', '130e8400-e29b-41d4-a716-446655440031', NULL, 'Choose the best word: Climate change poses a significant _____ to global biodiversity.', 'drop_list', NULL, NULL, NULL, 'Climate change poses a significant threat to global biodiversity...', '{"correct_answer": "threat", "explanation": "A ''threat'' is something that could cause harm or danger, which accurately describes climate change''s impact on biodiversity."}', 1.00, 3, 'Passage 1'),
-- Questions for listening exercises - lesson exercise, no question_group_id
('140e8400-e29b-41d4-a716-446655440046', '130e8400-e29b-41d4-a716-446655440006', NULL, 'What is the woman looking for?', 'multiple_choice', NULL, '/test/audio.mp3', 300, NULL, '{"correct_answer": "A library book"}', 1.00, 1, 'Section 1'),
('140e8400-e29b-41d4-a716-446655440047', '130e8400-e29b-41d4-a716-446655440033', NULL, 'What is the main topic of the lecture?', 'multiple_choice', NULL, '/test/audio.mp3', 600, NULL, '{"correct_answer": "Ancient civilizations"}', 1.00, 1, 'Section 4'),
-- Questions for speaking exercises - lesson exercise, no question_group_id
('140e8400-e29b-41d4-a716-446655440048', '130e8400-e29b-41d4-a716-446655440003', NULL, 'What is your favorite hobby?', 'speaking', NULL, NULL, NULL, NULL, '{"correct_answer": "Speak about your hobby in detail"}', 0.00, 1, 'Part 1'),
('140e8400-e29b-41d4-a716-446655440049', '130e8400-e29b-41d4-a716-446655440032', NULL, 'Do you think technology has improved education?', 'speaking', NULL, NULL, NULL, NULL, '{"correct_answer": "Discuss both advantages and disadvantages"}', 0.00, 1, 'Part 3'),
-- Questions for GT exercises
('140e8400-e29b-41d4-a716-446655440050', '130e8400-e29b-41d4-a716-446655440034', NULL, 'What is the main purpose of the advertisement?', 'multiple_choice', NULL, NULL, NULL, 'Looking for a reliable cleaning service? Our company offers professional cleaning services for homes and offices...', '{"correct_answer": "To advertise cleaning services", "explanation": "The advertisement clearly states the company offers professional cleaning services, which is the main purpose."}', 1.00, 1, 'Section 1'),
-- Fill blank questions for lesson exercises
('140e8400-e29b-41d4-a716-446655440051', '130e8400-e29b-41d4-a716-446655440025', NULL, 'Complete: I _____ studying English for five years.', 'fill_blank', NULL, NULL, NULL, NULL, '{"correct_answer": "have been", "explanation": "The sentence requires the present perfect continuous tense to show an action that started in the past and continues to the present."}', 1.00, 3, 'Grammar'),
('140e8400-e29b-41d4-a716-446655440052', '130e8400-e29b-41d4-a716-446655440025', NULL, 'Complete: The book _____ by many students.', 'fill_blank', NULL, NULL, NULL, NULL, '{"correct_answer": "is read", "explanation": "This is a passive voice construction. The book (subject) receives the action of being read by students."}', 1.00, 4, 'Grammar'),
('140e8400-e29b-41d4-a716-446655440053', '130e8400-e29b-41d4-a716-446655440031', NULL, 'Complete: Biodiversity plays a _____ role in maintaining ecosystem balance.', 'fill_blank', NULL, NULL, NULL, NULL, '{"correct_answer": "crucial", "alternative_answers": ["vital", "essential", "important"], "explanation": "The word ''crucial'' means extremely important or necessary, which fits the context of ecosystem balance."}', 1.00, 4, 'Passage 1'),
('140e8400-e29b-41d4-a716-446655440054', '130e8400-e29b-41d4-a716-446655440026', NULL, 'Complete: The research shows a _____ correlation between education and income.', 'fill_blank', NULL, NULL, NULL, NULL, '{"correct_answer": "strong", "alternative_answers": ["significant", "positive"], "explanation": "A ''strong'' correlation indicates a clear and meaningful relationship between two variables."}', 1.00, 3, 'Vocabulary'),
-- Questions for new exercise (Reading Comprehension Practice) - lesson exercise, no question_group_id
('140e8400-e29b-41d4-a716-446655440208', '130e8400-e29b-41d4-a716-446655440112', NULL, 'What is the main cause of climate change according to the passage?', 'multiple_choice', NULL, NULL, NULL, 'Climate change is one of the most pressing issues facing humanity today...', '{"correct_answer": "Human activities", "explanation": "The passage explicitly states that climate change is primarily driven by human activities, particularly the burning of fossil fuels and deforestation."}', 1.00, 1, 'Passage 1'),
('140e8400-e29b-41d4-a716-446655440209', '130e8400-e29b-41d4-a716-446655440112', NULL, 'Complete: Climate change has _____ effects on weather patterns and agriculture.', 'fill_blank', NULL, NULL, NULL, NULL, '{"correct_answer": "far-reaching", "alternative_answers": ["significant", "extensive", "profound"], "explanation": "The phrase ''far-reaching'' means having a wide range of effects, which accurately describes the impact of climate change on weather patterns and agriculture."}', 1.00, 2, 'Passage 1'),
('140e8400-e29b-41d4-a716-446655440210', '130e8400-e29b-41d4-a716-446655440112', NULL, 'Choose the best word: Scientists have _____ rising global temperatures.', 'drop_list', NULL, NULL, NULL, NULL, '{"correct_answer": "documented", "explanation": "The word ''documented'' means recorded or provided evidence for, which fits the context of scientists observing and recording temperature changes."}', 1.00, 3, 'Passage 1'),
('140e8400-e29b-41d4-a716-446655440211', '130e8400-e29b-41d4-a716-446655440112', NULL, 'What are the main consequences of climate change mentioned in the passage?', 'multiple_choice', NULL, NULL, NULL, NULL, '{"correct_answer": "Weather patterns, agriculture, and biodiversity", "explanation": "The passage explicitly mentions that climate change affects weather patterns, agriculture, and biodiversity worldwide."}', 1.00, 4, 'Passage 1'),
-- Questions for writing question groups (015-019)
('140e8400-e29b-41d4-a716-446655440212', '130e8400-e29b-41d4-a716-446655440005', '160e8400-e29b-41d4-a716-446655440015', 'Write a 150-word report describing the chart. The chart shows the percentage of renewable energy sources used in different countries in 2020. Germany had the highest percentage at 45%, followed by Denmark at 40%, and the United Kingdom at 35%. Japan had the lowest percentage at 15%. The chart illustrates the varying levels of renewable energy adoption across different nations, with European countries generally showing higher percentages compared to Asian countries.', 'essay', '/test/image.jpg', NULL, NULL, NULL, '{"word_count": 150, "criteria": "Task achievement, Coherence and cohesion, Lexical resource, Grammatical range and accuracy"}', 0.00, 1, 'Task 1'),
('140e8400-e29b-41d4-a716-446655440213', '130e8400-e29b-41d4-a716-446655440005', '160e8400-e29b-41d4-a716-446655440016', 'Write a 250-word essay on the given topic. Some people believe that technology has improved our lives significantly, while others argue that it has created more problems than it has solved. Discuss both views and give your own opinion. Technology has undoubtedly transformed modern society in numerous ways. On one hand, it has revolutionized communication, healthcare, and education, making information more accessible and improving quality of life. On the other hand, concerns about privacy, job displacement, and social isolation have emerged. It is essential to consider both perspectives when evaluating technology''s impact on our lives.', 'essay', NULL, NULL, NULL, NULL, '{"word_count": 250, "criteria": "Task response, Coherence and cohesion, Lexical resource, Grammatical range and accuracy"}', 0.00, 1, 'Task 2'),
('140e8400-e29b-41d4-a716-446655440214', '130e8400-e29b-41d4-a716-446655440029', '160e8400-e29b-41d4-a716-446655440017', 'Write a 150-word description of the chart provided. The bar chart illustrates the percentage of renewable energy sources used in different countries in 2020. Overall, Germany had the highest percentage at 45%, followed by Denmark at 40%, and the United Kingdom at 35%. Japan had the lowest percentage at 15%. The chart demonstrates the varying levels of renewable energy adoption across different nations, with European countries generally showing higher percentages compared to Asian countries.', 'essay', '/test/image.jpg', NULL, NULL, NULL, '{"word_count": 150, "criteria": "Task achievement, Coherence and cohesion, Lexical resource, Grammatical range and accuracy"}', 0.00, 1, 'Task 1'),
('140e8400-e29b-41d4-a716-446655440215', '130e8400-e29b-41d4-a716-446655440030', '160e8400-e29b-41d4-a716-446655440018', 'Write a 250-word essay on the given topic. Many people believe that social media has had a negative impact on society, while others argue that it has brought people closer together. Discuss both views and give your own opinion. Social media platforms have become an integral part of modern life, connecting billions of people worldwide. Proponents argue that social media facilitates communication, enables information sharing, and helps maintain relationships across distances. Critics, however, point to issues such as cyberbullying, privacy concerns, and the spread of misinformation. The debate continues as we navigate the complex relationship between social media and society.', 'essay', NULL, NULL, NULL, NULL, '{"word_count": 250, "criteria": "Task response, Coherence and cohesion, Lexical resource, Grammatical range and accuracy"}', 0.00, 1, 'Task 2'),
('140e8400-e29b-41d4-a716-446655440216', '130e8400-e29b-41d4-a716-446655440035', '160e8400-e29b-41d4-a716-446655440019', 'Write a letter for General Training. You recently stayed at a hotel and were not satisfied with the service. Write a letter to the hotel manager explaining what went wrong and what you would like them to do about it. Include details about your stay, the specific problems you encountered, and your expectations for resolution. The letter should be formal but polite, clearly stating your concerns and desired outcome.', 'essay', NULL, NULL, NULL, NULL, '{"word_count": 150, "criteria": "Task achievement, Coherence and cohesion, Lexical resource, Grammatical range and accuracy"}', 0.00, 1, 'Task 1');

-- Insert question options for multiple choice questions
INSERT INTO question_options (id, question_id, option_text, is_correct, ordering, explanation, point) VALUES
-- Options for question 029
('150e8400-e29b-41d4-a716-446655440031', '140e8400-e29b-41d4-a716-446655440029', 'Climate change and its effects', TRUE, 1, 'This is the main topic throughout the passage', 1.00),
('150e8400-e29b-41d4-a716-446655440032', '140e8400-e29b-41d4-a716-446655440029', 'Economic development', FALSE, 2, 'Not the main focus', 0.00),
('150e8400-e29b-41d4-a716-446655440033', '140e8400-e29b-41d4-a716-446655440029', 'Political systems', FALSE, 3, 'Not discussed', 0.00),
('150e8400-e29b-41d4-a716-446655440034', '140e8400-e29b-41d4-a716-446655440029', 'Social media', FALSE, 4, 'Not mentioned', 0.00),
-- Options for question 030
('150e8400-e29b-41d4-a716-446655440035', '140e8400-e29b-41d4-a716-446655440030', 'Human activities', TRUE, 1, 'Paragraph 2 clearly states this', 1.00),
('150e8400-e29b-41d4-a716-446655440036', '140e8400-e29b-41d4-a716-446655440030', 'Natural disasters', FALSE, 2, 'Not the primary cause', 0.00),
('150e8400-e29b-41d4-a716-446655440037', '140e8400-e29b-41d4-a716-446655440030', 'Animal behavior', FALSE, 3, 'Not mentioned', 0.00),
('150e8400-e29b-41d4-a716-446655440038', '140e8400-e29b-41d4-a716-446655440030', 'Weather patterns', FALSE, 4, 'This is an effect, not a cause', 0.00),
-- Options for question 031
('150e8400-e29b-41d4-a716-446655440039', '140e8400-e29b-41d4-a716-446655440031', 'Immediate action is required', TRUE, 1, 'Paragraph 3 emphasizes urgency', 1.00),
('150e8400-e29b-41d4-a716-446655440040', '140e8400-e29b-41d4-a716-446655440031', 'More research is needed', FALSE, 2, 'Not the main suggestion', 0.00),
('150e8400-e29b-41d4-a716-446655440041', '140e8400-e29b-41d4-a716-446655440031', 'Wait and see approach', FALSE, 3, 'Contradicts the passage', 0.00),
('150e8400-e29b-41d4-a716-446655440042', '140e8400-e29b-41d4-a716-446655440031', 'Individual action is enough', FALSE, 4, 'Not stated', 0.00),
-- Options for question 040
('150e8400-e29b-41d4-a716-446655440043', '140e8400-e29b-41d4-a716-446655440040', 'significant', TRUE, 1, 'Best fits the academic context', 1.00),
('150e8400-e29b-41d4-a716-446655440044', '140e8400-e29b-41d4-a716-446655440040', 'small', FALSE, 2, 'Opposite meaning', 0.00),
('150e8400-e29b-41d4-a716-446655440045', '140e8400-e29b-41d4-a716-446655440040', 'unclear', FALSE, 3, 'Does not fit', 0.00),
('150e8400-e29b-41d4-a716-446655440046', '140e8400-e29b-41d4-a716-446655440040', 'random', FALSE, 4, 'Incorrect', 0.00),
-- Options for question 041
('150e8400-e29b-41d4-a716-446655440047', '140e8400-e29b-41d4-a716-446655440041', 'implement', TRUE, 1, 'Correct verb for policies', 1.00),
('150e8400-e29b-41d4-a716-446655440048', '140e8400-e29b-41d4-a716-446655440041', 'ignore', FALSE, 2, 'Opposite meaning', 0.00),
('150e8400-e29b-41d4-a716-446655440049', '140e8400-e29b-41d4-a716-446655440041', 'discuss', FALSE, 3, 'Too weak', 0.00),
('150e8400-e29b-41d4-a716-446655440050', '140e8400-e29b-41d4-a716-446655440041', 'delay', FALSE, 4, 'Not appropriate', 0.00),
-- Options for question 042
('150e8400-e29b-41d4-a716-446655440051', '140e8400-e29b-41d4-a716-446655440042', 'AI transformation', TRUE, 1, 'Main idea of the passage', 1.00),
('150e8400-e29b-41d4-a716-446655440052', '140e8400-e29b-41d4-a716-446655440042', 'Computer history', FALSE, 2, 'Too narrow', 0.00),
('150e8400-e29b-41d4-a716-446655440053', '140e8400-e29b-41d4-a716-446655440042', 'Job market', FALSE, 3, 'Only one aspect', 0.00),
('150e8400-e29b-41d4-a716-446655440054', '140e8400-e29b-41d4-a716-446655440042', 'Education systems', FALSE, 4, 'Not the main focus', 0.00),
-- Options for question 043
('150e8400-e29b-41d4-a716-446655440055', '140e8400-e29b-41d4-a716-446655440043', 'To explain biodiversity importance', TRUE, 1, 'Main purpose stated in introduction', 1.00),
('150e8400-e29b-41d4-a716-446655440056', '140e8400-e29b-41d4-a716-446655440043', 'To describe animal species', FALSE, 2, 'Too narrow', 0.00),
('150e8400-e29b-41d4-a716-446655440057', '140e8400-e29b-41d4-a716-446655440043', 'To promote tourism', FALSE, 3, 'Not mentioned', 0.00),
('150e8400-e29b-41d4-a716-446655440058', '140e8400-e29b-41d4-a716-446655440043', 'To criticize governments', FALSE, 4, 'Not the purpose', 0.00),
-- Options for question 046
('150e8400-e29b-41d4-a716-446655440059', '140e8400-e29b-41d4-a716-446655440046', 'A library book', TRUE, 1, 'Mentioned in the conversation', 1.00),
('150e8400-e29b-41d4-a716-446655440060', '140e8400-e29b-41d4-a716-446655440046', 'A restaurant', FALSE, 2, 'Not mentioned', 0.00),
('150e8400-e29b-41d4-a716-446655440061', '140e8400-e29b-41d4-a716-446655440046', 'A job', FALSE, 3, 'Not the topic', 0.00),
('150e8400-e29b-41d4-a716-446655440062', '140e8400-e29b-41d4-a716-446655440046', 'A course', FALSE, 4, 'Not discussed', 0.00),
-- Options for question 047
('150e8400-e29b-41d4-a716-446655440063', '140e8400-e29b-41d4-a716-446655440047', 'Ancient civilizations', TRUE, 1, 'Main topic of the lecture', 1.00),
('150e8400-e29b-41d4-a716-446655440064', '140e8400-e29b-41d4-a716-446655440047', 'Modern technology', FALSE, 2, 'Not discussed', 0.00),
('150e8400-e29b-41d4-a716-446655440065', '140e8400-e29b-41d4-a716-446655440047', 'Future predictions', FALSE, 3, 'Not the focus', 0.00),
('150e8400-e29b-41d4-a716-446655440066', '140e8400-e29b-41d4-a716-446655440047', 'Current events', FALSE, 4, 'Not mentioned', 0.00),
-- Options for question 050
('150e8400-e29b-41d4-a716-446655440067', '140e8400-e29b-41d4-a716-446655440050', 'To advertise cleaning services', TRUE, 1, 'Clear purpose of the advertisement', 1.00),
('150e8400-e29b-41d4-a716-446655440068', '140e8400-e29b-41d4-a716-446655440050', 'To sell products', FALSE, 2, 'Not mentioned', 0.00),
('150e8400-e29b-41d4-a716-446655440069', '140e8400-e29b-41d4-a716-446655440050', 'To provide information', FALSE, 3, 'Too general', 0.00),
('150e8400-e29b-41d4-a716-446655440070', '140e8400-e29b-41d4-a716-446655440050', 'To recruit staff', FALSE, 4, 'Not the purpose', 0.00),
-- Options for drop_list questions (034-037)
('150e8400-e29b-41d4-a716-446655440216', '140e8400-e29b-41d4-a716-446655440034', 'increasingly', TRUE, 1, 'Correct answer', 1.00),
('150e8400-e29b-41d4-a716-446655440217', '140e8400-e29b-41d4-a716-446655440034', 'gradually', FALSE, 2, 'Incorrect', 0.00),
('150e8400-e29b-41d4-a716-446655440218', '140e8400-e29b-41d4-a716-446655440034', 'rapidly', FALSE, 3, 'Incorrect', 0.00),
('150e8400-e29b-41d4-a716-446655440219', '140e8400-e29b-41d4-a716-446655440034', 'slowly', FALSE, 4, 'Incorrect', 0.00),
('150e8400-e29b-41d4-a716-446655440220', '140e8400-e29b-41d4-a716-446655440035', 'advantages', TRUE, 1, 'Correct answer', 1.00),
('150e8400-e29b-41d4-a716-446655440221', '140e8400-e29b-41d4-a716-446655440035', 'disadvantages', FALSE, 2, 'Incorrect', 0.00),
('150e8400-e29b-41d4-a716-446655440222', '140e8400-e29b-41d4-a716-446655440035', 'challenges', FALSE, 3, 'Incorrect', 0.00),
('150e8400-e29b-41d4-a716-446655440223', '140e8400-e29b-41d4-a716-446655440035', 'problems', FALSE, 4, 'Incorrect', 0.00),
('150e8400-e29b-41d4-a716-446655440224', '140e8400-e29b-41d4-a716-446655440036', 'development', TRUE, 1, 'Correct answer', 1.00),
('150e8400-e29b-41d4-a716-446655440225', '140e8400-e29b-41d4-a716-446655440036', 'decline', FALSE, 2, 'Incorrect', 0.00),
('150e8400-e29b-41d4-a716-446655440226', '140e8400-e29b-41d4-a716-446655440036', 'stagnation', FALSE, 3, 'Incorrect', 0.00),
('150e8400-e29b-41d4-a716-446655440227', '140e8400-e29b-41d4-a716-446655440036', 'reduction', FALSE, 4, 'Incorrect', 0.00),
('150e8400-e29b-41d4-a716-446655440228', '140e8400-e29b-41d4-a716-446655440037', 'promising', TRUE, 1, 'Correct answer', 1.00),
('150e8400-e29b-41d4-a716-446655440229', '140e8400-e29b-41d4-a716-446655440037', 'uncertain', FALSE, 2, 'Incorrect', 0.00),
('150e8400-e29b-41d4-a716-446655440230', '140e8400-e29b-41d4-a716-446655440037', 'limited', FALSE, 3, 'Incorrect', 0.00),
('150e8400-e29b-41d4-a716-446655440231', '140e8400-e29b-41d4-a716-446655440037', 'doubtful', FALSE, 4, 'Incorrect', 0.00),
-- Options for drop_list questions (044-045)
('150e8400-e29b-41d4-a716-446655440232', '140e8400-e29b-41d4-a716-446655440044', 'essential', TRUE, 1, 'Correct answer', 1.00),
('150e8400-e29b-41d4-a716-446655440233', '140e8400-e29b-41d4-a716-446655440044', 'optional', FALSE, 2, 'Incorrect', 0.00),
('150e8400-e29b-41d4-a716-446655440234', '140e8400-e29b-41d4-a716-446655440044', 'unnecessary', FALSE, 3, 'Incorrect', 0.00),
('150e8400-e29b-41d4-a716-446655440235', '140e8400-e29b-41d4-a716-446655440044', 'irrelevant', FALSE, 4, 'Incorrect', 0.00),
('150e8400-e29b-41d4-a716-446655440236', '140e8400-e29b-41d4-a716-446655440045', 'threat', TRUE, 1, 'Correct answer', 1.00),
('150e8400-e29b-41d4-a716-446655440237', '140e8400-e29b-41d4-a716-446655440045', 'benefit', FALSE, 2, 'Incorrect', 0.00),
('150e8400-e29b-41d4-a716-446655440238', '140e8400-e29b-41d4-a716-446655440045', 'solution', FALSE, 3, 'Incorrect', 0.00),
('150e8400-e29b-41d4-a716-446655440239', '140e8400-e29b-41d4-a716-446655440045', 'opportunity', FALSE, 4, 'Incorrect', 0.00),
-- Options for new exercise questions (208, 210, 211)
-- Options for question 208
('150e8400-e29b-41d4-a716-446655440240', '140e8400-e29b-41d4-a716-446655440208', 'Human activities', TRUE, 1, 'Directly stated in the passage', 1.00),
('150e8400-e29b-41d4-a716-446655440241', '140e8400-e29b-41d4-a716-446655440208', 'Natural disasters', FALSE, 2, 'Not mentioned as the main cause', 0.00),
('150e8400-e29b-41d4-a716-446655440242', '140e8400-e29b-41d4-a716-446655440208', 'Solar radiation', FALSE, 3, 'Not discussed', 0.00),
('150e8400-e29b-41d4-a716-446655440243', '140e8400-e29b-41d4-a716-446655440208', 'Ocean currents', FALSE, 4, 'Not mentioned', 0.00),
-- Options for question 210 (drop_list)
('150e8400-e29b-41d4-a716-446655440244', '140e8400-e29b-41d4-a716-446655440210', 'documented', TRUE, 1, 'Correct answer', 1.00),
('150e8400-e29b-41d4-a716-446655440245', '140e8400-e29b-41d4-a716-446655440210', 'predicted', FALSE, 2, 'Incorrect', 0.00),
('150e8400-e29b-41d4-a716-446655440246', '140e8400-e29b-41d4-a716-446655440210', 'ignored', FALSE, 3, 'Incorrect', 0.00),
('150e8400-e29b-41d4-a716-446655440247', '140e8400-e29b-41d4-a716-446655440210', 'denied', FALSE, 4, 'Incorrect', 0.00),
-- Options for question 211
('150e8400-e29b-41d4-a716-446655440248', '140e8400-e29b-41d4-a716-446655440211', 'Weather patterns, agriculture, and biodiversity', TRUE, 1, 'Directly stated in the passage', 1.00),
('150e8400-e29b-41d4-a716-446655440249', '140e8400-e29b-41d4-a716-446655440211', 'Only weather patterns', FALSE, 2, 'Too narrow', 0.00),
('150e8400-e29b-41d4-a716-446655440250', '140e8400-e29b-41d4-a716-446655440211', 'Only agriculture', FALSE, 3, 'Too narrow', 0.00),
('150e8400-e29b-41d4-a716-446655440251', '140e8400-e29b-41d4-a716-446655440211', 'Economic systems', FALSE, 4, 'Not mentioned', 0.00);

-- Insert additional mock tests
INSERT INTO mock_tests (id, title, description, test_type, duration, total_questions, difficulty_level, target_band_score, instructions, created_by) VALUES
('160e8400-e29b-41d4-a716-446655440007', 'IELTS Academic Full Test 2', 'Complete IELTS Academic practice test with advanced questions', 'full_test', 165, 40, 'advanced', 7.5, 'This is an advanced IELTS Academic test. Focus on time management and accuracy.', '550e8400-e29b-41d4-a716-446655440002'),
('160e8400-e29b-41d4-a716-446655440008', 'Reading Practice Test B', 'Advanced reading practice with complex passages', 'reading', 60, 40, 'advanced', 7.5, 'Read three challenging passages and answer all questions within 60 minutes.', '550e8400-e29b-41d4-a716-446655440002'),
('160e8400-e29b-41d4-a716-446655440009', 'Listening Advanced Test', 'Advanced listening with complex accents and fast speech', 'listening', 30, 40, 'advanced', 7.5, 'Listen carefully to all four sections. Pay attention to details and spelling.', '550e8400-e29b-41d4-a716-446655440003');

-- Insert test sections for new mock tests
INSERT INTO test_sections (id, mock_test_id, section_name, section_type, description, duration, ordering) VALUES
-- Full test 2 sections
('300e8400-e29b-41d4-a716-446655440017', '160e8400-e29b-41d4-a716-446655440007', 'Reading Section', 'reading', 'Advanced Academic Reading with 3 passages', 60, 1),
('300e8400-e29b-41d4-a716-446655440018', '160e8400-e29b-41d4-a716-446655440007', 'Writing Section', 'writing', 'Advanced Academic Writing Task 1 and Task 2', 60, 2),
('300e8400-e29b-41d4-a716-446655440019', '160e8400-e29b-41d4-a716-446655440007', 'Listening Section', 'listening', 'Advanced Academic Listening with 4 sections', 30, 3),
('300e8400-e29b-41d4-a716-446655440020', '160e8400-e29b-41d4-a716-446655440007', 'Speaking Section', 'speaking', 'Advanced Academic Speaking with 3 parts', 15, 4),
-- Reading test B sections
('300e8400-e29b-41d4-a716-446655440021', '160e8400-e29b-41d4-a716-446655440008', 'Passage 1', 'reading', 'Advanced reading passage with questions 1-13', 20, 1),
('300e8400-e29b-41d4-a716-446655440022', '160e8400-e29b-41d4-a716-446655440008', 'Passage 2', 'reading', 'Advanced reading passage with questions 14-27', 20, 2),
('300e8400-e29b-41d4-a716-446655440023', '160e8400-e29b-41d4-a716-446655440008', 'Passage 3', 'reading', 'Advanced reading passage with questions 28-40', 20, 3),
-- Listening advanced test sections
('300e8400-e29b-41d4-a716-446655440024', '160e8400-e29b-41d4-a716-446655440009', 'Section 1', 'listening', 'Advanced conversation with complex vocabulary', 7, 1),
('300e8400-e29b-41d4-a716-446655440025', '160e8400-e29b-41d4-a716-446655440009', 'Section 2', 'listening', 'Advanced monologue with detailed information', 7, 2),
('300e8400-e29b-41d4-a716-446655440026', '160e8400-e29b-41d4-a716-446655440009', 'Section 3', 'listening', 'Advanced academic conversation', 8, 3),
('300e8400-e29b-41d4-a716-446655440027', '160e8400-e29b-41d4-a716-446655440009', 'Section 4', 'listening', 'Advanced academic lecture with complex topics', 8, 4);

-- Insert exercises for new mock tests
INSERT INTO exercises (id, lesson_id, test_section_id, title, instruction, content, exercise_type, skill_type, time_limit, max_attempts, passing_score, ordering, is_active, audio_url) VALUES
-- Full test 2 exercises
('130e8400-e29b-41d4-a716-446655440036', NULL, '300e8400-e29b-41d4-a716-446655440017', 'Advanced Reading Passage 1', 'Read the passage and answer questions 1-13', '{"reading_passage": {"title": "The Evolution of Human Language", "content": "The evolution of human language has been a subject of intense research and debate among linguists, anthropologists, and cognitive scientists. Language is not merely a tool for communication but a complex system that shapes our thoughts, cultures, and social interactions. The origins of language remain one of the greatest mysteries in human evolution, with theories ranging from gradual development over millions of years to a sudden emergence in modern humans.", "paragraphs": [{"id": "para-1", "label": "A", "content": "The evolution of human language has been a subject of intense research and debate among linguists, anthropologists, and cognitive scientists. Language is not merely a tool for communication but a complex system that shapes our thoughts, cultures, and social interactions."}, {"id": "para-2", "label": "B", "content": "The origins of language remain one of the greatest mysteries in human evolution, with theories ranging from gradual development over millions of years to a sudden emergence in modern humans."}]}}', 'mock_test', 'reading', 20, 1, 0.00, 1, TRUE, NULL),
('130e8400-e29b-41d4-a716-446655440037', NULL, '300e8400-e29b-41d4-a716-446655440017', 'Advanced Reading Passage 2', 'Read the passage and answer questions 14-27', '{"reading_passage": {"title": "Climate Science and Earth Systems", "content": "Climate science has revealed that the Earth''s climate system is far more complex than previously understood. The interplay between atmospheric composition, ocean currents, solar radiation, and biological processes creates a delicate balance that has maintained relatively stable conditions for thousands of years. However, human activities have introduced unprecedented changes to this system, leading to concerns about long-term stability and the potential for catastrophic climate events.", "paragraphs": [{"id": "para-3", "label": "A", "content": "Climate science has revealed that the Earth''s climate system is far more complex than previously understood. The interplay between atmospheric composition, ocean currents, solar radiation, and biological processes creates a delicate balance that has maintained relatively stable conditions for thousands of years."}, {"id": "para-4", "label": "B", "content": "However, human activities have introduced unprecedented changes to this system, leading to concerns about long-term stability and the potential for catastrophic climate events."}]}}', 'mock_test', 'reading', 20, 1, 0.00, 2, TRUE, NULL),
('130e8400-e29b-41d4-a716-446655440038', NULL, '300e8400-e29b-41d4-a716-446655440017', 'Advanced Reading Passage 3', 'Read the passage and answer questions 28-40', '{"reading_passage": {"title": "Quantum Computing Revolution", "content": "The field of quantum computing represents one of the most promising frontiers in modern technology. Unlike classical computers that use bits, quantum computers utilize quantum bits or qubits, which can exist in multiple states simultaneously. This property, known as superposition, allows quantum computers to perform certain calculations exponentially faster than their classical counterparts, potentially revolutionizing fields such as cryptography, drug discovery, and artificial intelligence.", "paragraphs": [{"id": "para-5", "label": "A", "content": "The field of quantum computing represents one of the most promising frontiers in modern technology. Unlike classical computers that use bits, quantum computers utilize quantum bits or qubits, which can exist in multiple states simultaneously."}, {"id": "para-6", "label": "B", "content": "This property, known as superposition, allows quantum computers to perform certain calculations exponentially faster than their classical counterparts, potentially revolutionizing fields such as cryptography, drug discovery, and artificial intelligence."}]}}', 'mock_test', 'reading', 20, 1, 0.00, 3, TRUE, NULL),
('130e8400-e29b-41d4-a716-446655440039', NULL, '300e8400-e29b-41d4-a716-446655440018', 'Advanced Writing Task 1', 'Write a 150-word report describing the diagram', '{"chart_url": "/test/image.jpg", "chart_type": "process", "description": "The diagram shows the process of water treatment in a modern facility"}', 'mock_test', 'writing', 20, 1, 0.00, 1, TRUE, NULL),
('130e8400-e29b-41d4-a716-446655440040', NULL, '300e8400-e29b-41d4-a716-446655440018', 'Advanced Writing Task 2', 'Write a 250-word essay on the given topic', '{"topic": "Some argue that space exploration is a waste of resources, while others believe it is essential for humanity''s future. Discuss both views and give your opinion.", "essay_type": "discussion"}', 'mock_test', 'writing', 40, 1, 0.00, 2, TRUE, NULL),
('130e8400-e29b-41d4-a716-446655440041', NULL, '300e8400-e29b-41d4-a716-446655440019', 'Advanced Listening Section 1', 'Listen to the conversation and answer questions 1-10', '{"audio_url": "/test/audio.mp3", "audio_duration": 600, "transcript": "You will hear a conversation between a university student and a professor discussing research methodology..."}', 'mock_test', 'listening', 7, 1, 0.00, 1, TRUE, '/test/audio.mp3'),
('130e8400-e29b-41d4-a716-446655440042', NULL, '300e8400-e29b-41d4-a716-446655440019', 'Advanced Listening Section 2', 'Listen to the monologue and answer questions 11-20', '{"audio_url": "/test/audio.mp3", "audio_duration": 600, "transcript": "You will hear a lecture about urban planning and sustainable development..."}', 'mock_test', 'listening', 7, 1, 0.00, 2, TRUE, '/test/audio.mp3'),
('130e8400-e29b-41d4-a716-446655440043', NULL, '300e8400-e29b-41d4-a716-446655440019', 'Advanced Listening Section 3', 'Listen to the conversation and answer questions 21-30', '{"audio_url": "/test/audio.mp3", "audio_duration": 600, "transcript": "You will hear a discussion between two researchers about their findings..."}', 'mock_test', 'listening', 8, 1, 0.00, 3, TRUE, '/test/audio.mp3'),
('130e8400-e29b-41d4-a716-446655440044', NULL, '300e8400-e29b-41d4-a716-446655440019', 'Advanced Listening Section 4', 'Listen to the lecture and answer questions 31-40', '{"audio_url": "/test/audio.mp3", "audio_duration": 600, "transcript": "You will hear an academic lecture about neuroscience and brain plasticity..."}', 'mock_test', 'listening', 8, 1, 0.00, 4, TRUE, '/test/audio.mp3'),
('130e8400-e29b-41d4-a716-446655440045', NULL, '300e8400-e29b-41d4-a716-446655440020', 'Advanced Speaking Part 1', 'Answer personal questions about yourself', '{"questions": ["What is your full name?", "Where do you come from?", "What do you study or work?"], "topic": "Personal information"}', 'mock_test', 'speaking', 5, 1, 0.00, 1, TRUE, NULL),
('130e8400-e29b-41d4-a716-446655440046', NULL, '300e8400-e29b-41d4-a716-446655440020', 'Advanced Speaking Part 2', 'Speak about the given topic for 2 minutes', '{"topic": "Describe a scientific discovery that interests you", "cue_card": true, "points": ["What the discovery is", "When it was made", "Who made it", "Why it interests you", "How it affects society"]}', 'mock_test', 'speaking', 2, 1, 0.00, 2, TRUE, NULL),
('130e8400-e29b-41d4-a716-446655440047', NULL, '300e8400-e29b-41d4-a716-446655440020', 'Advanced Speaking Part 3', 'Discuss abstract topics related to Part 2', '{"questions": ["How has science changed our lives?", "What are the ethical implications of scientific research?"], "topic": "Science and society"}', 'mock_test', 'speaking', 5, 1, 0.00, 3, TRUE, NULL),
-- Reading test B exercises
('130e8400-e29b-41d4-a716-446655440048', NULL, '300e8400-e29b-41d4-a716-446655440021', 'Advanced Passage 1', 'Read the passage and answer questions 1-13', '{"reading_passage": {"title": "Artificial Intelligence Evolution", "content": "The concept of artificial intelligence has evolved dramatically since its inception in the mid-20th century. Initially conceived as machines capable of performing tasks that would require human intelligence, AI has now become a transformative force across multiple industries. Machine learning, a subset of AI, enables systems to learn and improve from experience without being explicitly programmed, opening new possibilities for automation and decision-making.", "paragraphs": [{"id": "para-7", "label": "A", "content": "The concept of artificial intelligence has evolved dramatically since its inception in the mid-20th century. Initially conceived as machines capable of performing tasks that would require human intelligence, AI has now become a transformative force across multiple industries."}, {"id": "para-8", "label": "B", "content": "Machine learning, a subset of AI, enables systems to learn and improve from experience without being explicitly programmed, opening new possibilities for automation and decision-making."}]}}', 'mock_test', 'reading', 20, 1, 0.00, 1, TRUE, NULL),
('130e8400-e29b-41d4-a716-446655440049', NULL, '300e8400-e29b-41d4-a716-446655440022', 'Advanced Passage 2', 'Read the passage and answer questions 14-27', '{"reading_passage": {"title": "Biodiversity Conservation", "content": "Biodiversity conservation has become a critical global priority as species extinction rates accelerate. Ecosystems depend on the intricate relationships between different species, and the loss of even a single species can have cascading effects throughout an ecosystem. Conservation efforts must balance the needs of human populations with the preservation of natural habitats, requiring innovative approaches that integrate scientific research, policy development, and community engagement.", "paragraphs": [{"id": "para-9", "label": "A", "content": "Biodiversity conservation has become a critical global priority as species extinction rates accelerate. Ecosystems depend on the intricate relationships between different species, and the loss of even a single species can have cascading effects throughout an ecosystem."}, {"id": "para-10", "label": "B", "content": "Conservation efforts must balance the needs of human populations with the preservation of natural habitats, requiring innovative approaches that integrate scientific research, policy development, and community engagement."}]}}', 'mock_test', 'reading', 20, 1, 0.00, 2, TRUE, NULL),
('130e8400-e29b-41d4-a716-446655440050', NULL, '300e8400-e29b-41d4-a716-446655440023', 'Advanced Passage 3', 'Read the passage and answer questions 28-40', '{"reading_passage": {"title": "The Study of Consciousness", "content": "The study of consciousness remains one of the most challenging and fascinating areas of scientific inquiry. Philosophers and scientists have debated the nature of consciousness for centuries, with questions about how subjective experiences arise from physical processes in the brain. Recent advances in neuroscience have provided new insights, but the hard problem of consciousnessexplaining how and why we have subjective experiencesremains largely unresolved.", "paragraphs": [{"id": "para-11", "label": "A", "content": "The study of consciousness remains one of the most challenging and fascinating areas of scientific inquiry. Philosophers and scientists have debated the nature of consciousness for centuries, with questions about how subjective experiences arise from physical processes in the brain."}, {"id": "para-12", "label": "B", "content": "Recent advances in neuroscience have provided new insights, but the hard problem of consciousnessexplaining how and why we have subjective experiencesremains largely unresolved."}]}}', 'mock_test', 'reading', 20, 1, 0.00, 3, TRUE, NULL),
-- Listening advanced test exercises
('130e8400-e29b-41d4-a716-446655440051', NULL, '300e8400-e29b-41d4-a716-446655440024', 'Advanced Listening Section 1', 'Listen and answer questions 1-10', '{"audio_url": "/test/audio.mp3", "audio_duration": 600, "transcript": "You will hear a conversation between a graduate student and a supervisor about thesis research..."}', 'mock_test', 'listening', 7, 1, 0.00, 1, TRUE, '/test/audio.mp3'),
('130e8400-e29b-41d4-a716-446655440052', NULL, '300e8400-e29b-41d4-a716-446655440025', 'Advanced Listening Section 2', 'Listen and answer questions 11-20', '{"audio_url": "/test/audio.mp3", "audio_duration": 600, "transcript": "You will hear a presentation about renewable energy technologies and their implementation..."}', 'mock_test', 'listening', 7, 1, 0.00, 2, TRUE, '/test/audio.mp3'),
('130e8400-e29b-41d4-a716-446655440053', NULL, '300e8400-e29b-41d4-a716-446655440026', 'Advanced Listening Section 3', 'Listen and answer questions 21-30', '{"audio_url": "/test/audio.mp3", "audio_duration": 600, "transcript": "You will hear a discussion between two academics about research methodology and data analysis..."}', 'mock_test', 'listening', 8, 1, 0.00, 3, TRUE, '/test/audio.mp3'),
('130e8400-e29b-41d4-a716-446655440054', NULL, '300e8400-e29b-41d4-a716-446655440027', 'Advanced Listening Section 4', 'Listen and answer questions 31-40', '{"audio_url": "/test/audio.mp3", "audio_duration": 600, "transcript": "You will hear a lecture about cognitive psychology and memory formation..."}', 'mock_test', 'listening', 8, 1, 0.00, 4, TRUE, '/test/audio.mp3');

-- Insert question groups for new exercises
INSERT INTO question_groups (id, exercise_id, image_url, group_title, group_instruction, passage_reference, question_type, ordering, question_range, correct_answer_count) VALUES
-- Question groups for full test 2 reading
('160e8400-e29b-41d4-a716-446655440020', '130e8400-e29b-41d4-a716-446655440036', NULL, 'Questions 1-6', 'Multiple choice questions', 'The evolution of human language has been a subject of intense research and debate among linguists, anthropologists, and cognitive scientists. Language is not merely a tool for communication but a complex system that shapes our thoughts, cultures, and social interactions. The origins of language remain one of the greatest mysteries in human evolution, with theories ranging from gradual development over millions of years to a sudden emergence in modern humans.', 'multiple_choice', 1, '1-6', 6),
('160e8400-e29b-41d4-a716-446655440021', '130e8400-e29b-41d4-a716-446655440036', NULL, 'Questions 7-13', 'True/False/Not Given questions', 'The evolution of human language has been a subject of intense research and debate among linguists, anthropologists, and cognitive scientists. Language is not merely a tool for communication but a complex system that shapes our thoughts, cultures, and social interactions. The origins of language remain one of the greatest mysteries in human evolution, with theories ranging from gradual development over millions of years to a sudden emergence in modern humans.', 'true_false', 2, '7-13', 7),
('160e8400-e29b-41d4-a716-446655440022', '130e8400-e29b-41d4-a716-446655440037', NULL, 'Questions 14-20', 'Matching headings to paragraphs', 'Climate science has revealed that the Earth''s climate system is far more complex than previously understood. The interplay between atmospheric composition, ocean currents, solar radiation, and biological processes creates a delicate balance that has maintained relatively stable conditions for thousands of years. However, human activities have introduced unprecedented changes to this system, leading to concerns about long-term stability and the potential for catastrophic climate events.', 'matching', 1, '14-20', 7),
('160e8400-e29b-41d4-a716-446655440023', '130e8400-e29b-41d4-a716-446655440037', NULL, 'Questions 21-27', 'Summary completion', 'Climate science has revealed that the Earth''s climate system is far more complex than previously understood. The interplay between atmospheric composition, ocean currents, solar radiation, and biological processes creates a delicate balance that has maintained relatively stable conditions for thousands of years. However, human activities have introduced unprecedented changes to this system, leading to concerns about long-term stability and the potential for catastrophic climate events.', 'fill_blank', 2, '21-27', 7),
('160e8400-e29b-41d4-a716-446655440024', '130e8400-e29b-41d4-a716-446655440038', NULL, 'Questions 28-35', 'Multiple choice questions', 'The field of quantum computing represents one of the most promising frontiers in modern technology. Unlike classical computers that use bits, quantum computers utilize quantum bits or qubits, which can exist in multiple states simultaneously. This property, known as superposition, allows quantum computers to perform certain calculations exponentially faster than their classical counterparts, potentially revolutionizing fields such as cryptography, drug discovery, and artificial intelligence.', 'multiple_choice', 1, '28-35', 8),
('160e8400-e29b-41d4-a716-446655440025', '130e8400-e29b-41d4-a716-446655440038', NULL, 'Questions 36-40', 'Sentence completion', 'The field of quantum computing represents one of the most promising frontiers in modern technology. Unlike classical computers that use bits, quantum computers utilize quantum bits or qubits, which can exist in multiple states simultaneously. This property, known as superposition, allows quantum computers to perform certain calculations exponentially faster than their classical counterparts, potentially revolutionizing fields such as cryptography, drug discovery, and artificial intelligence.', 'fill_blank', 2, '36-40', 5),
-- Question groups for reading test B
('160e8400-e29b-41d4-a716-446655440026', '130e8400-e29b-41d4-a716-446655440048', NULL, 'Questions 1-5', 'Multiple choice questions', 'The concept of artificial intelligence has evolved dramatically since its inception in the mid-20th century. Initially conceived as machines capable of performing tasks that would require human intelligence, AI has now become a transformative force across multiple industries. Machine learning, a subset of AI, enables systems to learn and improve from experience without being explicitly programmed, opening new possibilities for automation and decision-making.', 'multiple_choice', 1, '1-5', 5),
('160e8400-e29b-41d4-a716-446655440027', '130e8400-e29b-41d4-a716-446655440048', NULL, 'Questions 6-13', 'True/False/Not Given', 'The concept of artificial intelligence has evolved dramatically since its inception in the mid-20th century. Initially conceived as machines capable of performing tasks that would require human intelligence, AI has now become a transformative force across multiple industries. Machine learning, a subset of AI, enables systems to learn and improve from experience without being explicitly programmed, opening new possibilities for automation and decision-making.', 'true_false', 2, '6-13', 8),
('160e8400-e29b-41d4-a716-446655440028', '130e8400-e29b-41d4-a716-446655440049', NULL, 'Questions 14-20', 'Matching information to paragraphs', 'Biodiversity conservation has become a critical global priority as species extinction rates accelerate. Ecosystems depend on the intricate relationships between different species, and the loss of even a single species can have cascading effects throughout an ecosystem. Conservation efforts must balance the needs of human populations with the preservation of natural habitats, requiring innovative approaches that integrate scientific research, policy development, and community engagement.', 'matching', 1, '14-20', 7),
('160e8400-e29b-41d4-a716-446655440029', '130e8400-e29b-41d4-a716-446655440049', NULL, 'Questions 21-27', 'Summary completion', 'Biodiversity conservation has become a critical global priority as species extinction rates accelerate. Ecosystems depend on the intricate relationships between different species, and the loss of even a single species can have cascading effects throughout an ecosystem. Conservation efforts must balance the needs of human populations with the preservation of natural habitats, requiring innovative approaches that integrate scientific research, policy development, and community engagement.', 'fill_blank', 2, '21-27', 7),
('160e8400-e29b-41d4-a716-446655440030', '130e8400-e29b-41d4-a716-446655440050', NULL, 'Questions 28-35', 'Multiple choice questions', 'The study of consciousness remains one of the most challenging and fascinating areas of scientific inquiry. Philosophers and scientists have debated the nature of consciousness for centuries, with questions about how subjective experiences arise from physical processes in the brain. Recent advances in neuroscience have provided new insights, but the hard problem of consciousnessexplaining how and why we have subjective experiencesremains largely unresolved.', 'multiple_choice', 1, '28-35', 8),
('160e8400-e29b-41d4-a716-446655440031', '130e8400-e29b-41d4-a716-446655440050', NULL, 'Questions 36-40', 'Sentence completion', 'The study of consciousness remains one of the most challenging and fascinating areas of scientific inquiry. Philosophers and scientists have debated the nature of consciousness for centuries, with questions about how subjective experiences arise from physical processes in the brain. Recent advances in neuroscience have provided new insights, but the hard problem of consciousnessexplaining how and why we have subjective experiencesremains largely unresolved.', 'fill_blank', 2, '36-40', 5),
-- Question groups for listening advanced test
('160e8400-e29b-41d4-a716-446655440032', '130e8400-e29b-41d4-a716-446655440051', NULL, 'Questions 1-10', 'Listen to Section 1 and answer questions 1-10', NULL, 'multiple_choice', 1, '1-10', 10),
('160e8400-e29b-41d4-a716-446655440033', '130e8400-e29b-41d4-a716-446655440052', NULL, 'Questions 11-20', 'Listen to Section 2 and answer questions 11-20', NULL, 'fill_blank', 1, '11-20', 10),
('160e8400-e29b-41d4-a716-446655440034', '130e8400-e29b-41d4-a716-446655440053', NULL, 'Questions 21-30', 'Listen to Section 3 and answer questions 21-30', NULL, 'multiple_choice', 1, '21-30', 10),
('160e8400-e29b-41d4-a716-446655440035', '130e8400-e29b-41d4-a716-446655440054', NULL, 'Questions 31-40', 'Listen to Section 4 and answer questions 31-40', NULL, 'fill_blank', 1, '31-40', 10);

-- Insert matching options for matching question groups
INSERT INTO matching_options (id, set_id, option_text, ordering) VALUES
-- Matching options for question group 022
('170e8400-e29b-41d4-a716-446655440010', '160e8400-e29b-41d4-a716-446655440022', 'The complexity of climate systems', 1),
('170e8400-e29b-41d4-a716-446655440011', '160e8400-e29b-41d4-a716-446655440022', 'Factors affecting climate balance', 2),
('170e8400-e29b-41d4-a716-446655440012', '160e8400-e29b-41d4-a716-446655440022', 'Historical climate stability', 3),
('170e8400-e29b-41d4-a716-446655440013', '160e8400-e29b-41d4-a716-446655440022', 'Human impact on climate', 4),
('170e8400-e29b-41d4-a716-446655440014', '160e8400-e29b-41d4-a716-446655440022', 'Concerns about future stability', 5),
('170e8400-e29b-41d4-a716-446655440015', '160e8400-e29b-41d4-a716-446655440022', 'Potential catastrophic events', 6),
('170e8400-e29b-41d4-a716-446655440016', '160e8400-e29b-41d4-a716-446655440022', 'The need for action', 7),
-- Matching options for question group 028
('170e8400-e29b-41d4-a716-446655440017', '160e8400-e29b-41d4-a716-446655440028', 'The importance of biodiversity', 1),
('170e8400-e29b-41d4-a716-446655440018', '160e8400-e29b-41d4-a716-446655440028', 'Ecosystem relationships', 2),
('170e8400-e29b-41d4-a716-446655440019', '160e8400-e29b-41d4-a716-446655440028', 'Cascading effects of species loss', 3),
('170e8400-e29b-41d4-a716-446655440020', '160e8400-e29b-41d4-a716-446655440028', 'Balancing human and environmental needs', 4),
('170e8400-e29b-41d4-a716-446655440021', '160e8400-e29b-41d4-a716-446655440028', 'Innovative conservation approaches', 5),
('170e8400-e29b-41d4-a716-446655440022', '160e8400-e29b-41d4-a716-446655440028', 'Integration of research and policy', 6),
('170e8400-e29b-41d4-a716-446655440023', '160e8400-e29b-41d4-a716-446655440028', 'Community engagement in conservation', 7);

-- Insert questions for new question groups
INSERT INTO questions (id, exercise_id, question_group_id, question_text, question_type, image_url, audio_url, audio_duration, reading_passage, explanation, points, ordering, question_group) VALUES
-- Questions for full test 2 reading passage 1
('140e8400-e29b-41d4-a716-446655440190', '130e8400-e29b-41d4-a716-446655440036', '160e8400-e29b-41d4-a716-446655440020', 'What is the main focus of the passage?', 'multiple_choice', NULL, NULL, NULL, 'The evolution of human language has been a subject of intense research...', '{"correct_answer": "Language evolution research"}', 1.00, 1, 'Passage 1'),
('140e8400-e29b-41d4-a716-446655440191', '130e8400-e29b-41d4-a716-446655440036', '160e8400-e29b-41d4-a716-446655440020', 'According to the passage, language is described as:', 'multiple_choice', NULL, NULL, NULL, NULL, '{"correct_answer": "A complex system shaping thoughts"}', 1.00, 2, 'Passage 1'),
('140e8400-e29b-41d4-a716-446655440192', '130e8400-e29b-41d4-a716-446655440036', '160e8400-e29b-41d4-a716-446655440021', 'The origins of language are well understood.', 'true_false', NULL, NULL, NULL, NULL, '{"correct_answer": "False"}', 1.00, 7, 'Passage 1'),
-- Questions for full test 2 reading passage 2
('140e8400-e29b-41d4-a716-446655440193', '130e8400-e29b-41d4-a716-446655440037', '160e8400-e29b-41d4-a716-446655440022', 'Paragraph A', 'matching', NULL, NULL, NULL, 'Climate science has revealed that the Earth''s climate system is far more complex than previously understood...', '{"correct_answer": "The complexity of climate systems"}', 1.00, 14, 'Passage 2'),
('140e8400-e29b-41d4-a716-446655440194', '130e8400-e29b-41d4-a716-446655440037', '160e8400-e29b-41d4-a716-446655440022', 'Paragraph B', 'matching', NULL, NULL, NULL, 'The interplay between atmospheric composition, ocean currents, solar radiation, and biological processes...', '{"correct_answer": "Factors affecting climate balance"}', 1.00, 15, 'Passage 2'),
('140e8400-e29b-41d4-a716-446655440195', '130e8400-e29b-41d4-a716-446655440037', '160e8400-e29b-41d4-a716-446655440023', 'Fill in the blank: The climate system has maintained _____ conditions for thousands of years.', 'fill_blank', NULL, NULL, NULL, NULL, '{"correct_answer": "stable"}', 1.00, 21, 'Passage 2'),
-- Questions for full test 2 reading passage 3
('140e8400-e29b-41d4-a716-446655440196', '130e8400-e29b-41d4-a716-446655440038', '160e8400-e29b-41d4-a716-446655440024', 'What is the main advantage of quantum computers?', 'multiple_choice', NULL, NULL, NULL, 'The field of quantum computing represents one of the most promising frontiers...', '{"correct_answer": "Exponential speed in calculations"}', 1.00, 28, 'Passage 3'),
('140e8400-e29b-41d4-a716-446655440197', '130e8400-e29b-41d4-a716-446655440038', '160e8400-e29b-41d4-a716-446655440025', 'Complete: Quantum computers use _____ instead of bits.', 'fill_blank', NULL, NULL, NULL, NULL, '{"correct_answer": "qubits"}', 1.00, 36, 'Passage 3'),
-- Questions for reading test B passage 1
('140e8400-e29b-41d4-a716-446655440198', '130e8400-e29b-41d4-a716-446655440048', '160e8400-e29b-41d4-a716-446655440026', 'What is machine learning?', 'multiple_choice', NULL, NULL, NULL, 'The concept of artificial intelligence has evolved dramatically...', '{"correct_answer": "A subset of AI that learns from experience"}', 1.00, 1, 'Passage 1'),
('140e8400-e29b-41d4-a716-446655440199', '130e8400-e29b-41d4-a716-446655440048', '160e8400-e29b-41d4-a716-446655440027', 'AI was first conceived in the 21st century.', 'true_false', NULL, NULL, NULL, NULL, '{"correct_answer": "False"}', 1.00, 6, 'Passage 1'),
-- Questions for reading test B passage 2
('140e8400-e29b-41d4-a716-446655440200', '130e8400-e29b-41d4-a716-446655440049', '160e8400-e29b-41d4-a716-446655440028', 'Paragraph A', 'matching', NULL, NULL, NULL, 'Biodiversity conservation has become a critical global priority...', '{"correct_answer": "The importance of biodiversity"}', 1.00, 14, 'Passage 2'),
('140e8400-e29b-41d4-a716-446655440201', '130e8400-e29b-41d4-a716-446655440049', '160e8400-e29b-41d4-a716-446655440029', 'Complete: Conservation efforts must _____ human needs with habitat preservation.', 'fill_blank', NULL, NULL, NULL, NULL, '{"correct_answer": "balance"}', 1.00, 21, 'Passage 2'),
-- Questions for reading test B passage 3
('140e8400-e29b-41d4-a716-446655440202', '130e8400-e29b-41d4-a716-446655440050', '160e8400-e29b-41d4-a716-446655440030', 'What is the hard problem of consciousness?', 'multiple_choice', NULL, NULL, NULL, 'The study of consciousness remains one of the most challenging...', '{"correct_answer": "Explaining subjective experiences"}', 1.00, 28, 'Passage 3'),
('140e8400-e29b-41d4-a716-446655440203', '130e8400-e29b-41d4-a716-446655440050', '160e8400-e29b-41d4-a716-446655440031', 'Fill in the blank: Consciousness involves _____ experiences from physical processes.', 'fill_blank', NULL, NULL, NULL, NULL, '{"correct_answer": "subjective"}', 1.00, 36, 'Passage 3'),
-- Questions for listening advanced test
('140e8400-e29b-41d4-a716-446655440204', '130e8400-e29b-41d4-a716-446655440051', '160e8400-e29b-41d4-a716-446655440032', 'What is the main topic of the conversation?', 'multiple_choice', NULL, '/test/audio.mp3', 600, NULL, '{"correct_answer": "Thesis research methodology"}', 1.00, 1, 'Section 1'),
('140e8400-e29b-41d4-a716-446655440205', '130e8400-e29b-41d4-a716-446655440052', '160e8400-e29b-41d4-a716-446655440033', 'Complete: Renewable energy technologies include solar, wind, and _____ power.', 'fill_blank', NULL, '/test/audio.mp3', 600, NULL, '{"correct_answer": "hydroelectric"}', 1.00, 11, 'Section 2'),
('140e8400-e29b-41d4-a716-446655440206', '130e8400-e29b-41d4-a716-446655440053', '160e8400-e29b-41d4-a716-446655440034', 'What research method do they discuss?', 'multiple_choice', NULL, '/test/audio.mp3', 600, NULL, '{"correct_answer": "Data analysis techniques"}', 1.00, 21, 'Section 3'),
('140e8400-e29b-41d4-a716-446655440207', '130e8400-e29b-41d4-a716-446655440054', '160e8400-e29b-41d4-a716-446655440035', 'Fill in the blank: Brain plasticity refers to the brain''s ability to _____ and adapt.', 'fill_blank', NULL, '/test/audio.mp3', 600, NULL, '{"correct_answer": "reorganize"}', 1.00, 31, 'Section 4');

-- Insert question options for new multiple choice questions
INSERT INTO question_options (id, question_id, option_text, is_correct, ordering, explanation, point) VALUES
-- Options for question 190 (was 051)
('150e8400-e29b-41d4-a716-446655440071', '140e8400-e29b-41d4-a716-446655440190', 'Language evolution research', TRUE, 1, 'Main focus of the passage', 1.00),
('150e8400-e29b-41d4-a716-446655440072', '140e8400-e29b-41d4-a716-446655440190', 'Communication methods', FALSE, 2, 'Too narrow', 0.00),
('150e8400-e29b-41d4-a716-446655440073', '140e8400-e29b-41d4-a716-446655440190', 'Cultural differences', FALSE, 3, 'Not the main focus', 0.00),
('150e8400-e29b-41d4-a716-446655440074', '140e8400-e29b-41d4-a716-446655440190', 'Social interactions', FALSE, 4, 'Only one aspect', 0.00),
-- Options for question 191 (was 052)
('150e8400-e29b-41d4-a716-446655440075', '140e8400-e29b-41d4-a716-446655440191', 'A complex system shaping thoughts', TRUE, 1, 'Directly stated in the passage', 1.00),
('150e8400-e29b-41d4-a716-446655440076', '140e8400-e29b-41d4-a716-446655440191', 'A simple communication tool', FALSE, 2, 'Contradicts the passage', 0.00),
('150e8400-e29b-41d4-a716-446655440077', '140e8400-e29b-41d4-a716-446655440191', 'A recent human invention', FALSE, 3, 'Not mentioned', 0.00),
('150e8400-e29b-41d4-a716-446655440078', '140e8400-e29b-41d4-a716-446655440191', 'A biological necessity only', FALSE, 4, 'Too narrow', 0.00),
-- Options for question 196 (was 057)
('150e8400-e29b-41d4-a716-446655440079', '140e8400-e29b-41d4-a716-446655440196', 'Exponential speed in calculations', TRUE, 1, 'Main advantage mentioned', 1.00),
('150e8400-e29b-41d4-a716-446655440080', '140e8400-e29b-41d4-a716-446655440196', 'Lower energy consumption', FALSE, 2, 'Not mentioned', 0.00),
('150e8400-e29b-41d4-a716-446655440081', '140e8400-e29b-41d4-a716-446655440196', 'Smaller physical size', FALSE, 3, 'Not discussed', 0.00),
('150e8400-e29b-41d4-a716-446655440082', '140e8400-e29b-41d4-a716-446655440196', 'Easier programming', FALSE, 4, 'Not mentioned', 0.00),
-- Options for question 198 (was 059)
('150e8400-e29b-41d4-a716-446655440083', '140e8400-e29b-41d4-a716-446655440198', 'A subset of AI that learns from experience', TRUE, 1, 'Correct definition', 1.00),
('150e8400-e29b-41d4-a716-446655440084', '140e8400-e29b-41d4-a716-446655440198', 'A type of computer hardware', FALSE, 2, 'Incorrect', 0.00),
('150e8400-e29b-41d4-a716-446655440085', '140e8400-e29b-41d4-a716-446655440198', 'A programming language', FALSE, 3, 'Not mentioned', 0.00),
('150e8400-e29b-41d4-a716-446655440086', '140e8400-e29b-41d4-a716-446655440198', 'A database system', FALSE, 4, 'Not related', 0.00),
-- Options for question 202 (was 063)
('150e8400-e29b-41d4-a716-446655440087', '140e8400-e29b-41d4-a716-446655440202', 'Explaining subjective experiences', TRUE, 1, 'The hard problem definition', 1.00),
('150e8400-e29b-41d4-a716-446655440088', '140e8400-e29b-41d4-a716-446655440202', 'Understanding brain structure', FALSE, 2, 'Not the hard problem', 0.00),
('150e8400-e29b-41d4-a716-446655440089', '140e8400-e29b-41d4-a716-446655440202', 'Measuring consciousness', FALSE, 3, 'Not mentioned', 0.00),
('150e8400-e29b-41d4-a716-446655440090', '140e8400-e29b-41d4-a716-446655440202', 'Treating mental disorders', FALSE, 4, 'Not discussed', 0.00),
-- Options for question 204 (was 065)
('150e8400-e29b-41d4-a716-446655440091', '140e8400-e29b-41d4-a716-446655440204', 'Thesis research methodology', TRUE, 1, 'Main topic of conversation', 1.00),
('150e8400-e29b-41d4-a716-446655440092', '140e8400-e29b-41d4-a716-446655440204', 'University admission', FALSE, 2, 'Not mentioned', 0.00),
('150e8400-e29b-41d4-a716-446655440093', '140e8400-e29b-41d4-a716-446655440204', 'Job interview', FALSE, 3, 'Not the topic', 0.00),
('150e8400-e29b-41d4-a716-446655440094', '140e8400-e29b-41d4-a716-446655440204', 'Course registration', FALSE, 4, 'Not discussed', 0.00),
-- Options for question 206 (was 067)
('150e8400-e29b-41d4-a716-446655440095', '140e8400-e29b-41d4-a716-446655440206', 'Data analysis techniques', TRUE, 1, 'Main research method discussed', 1.00),
('150e8400-e29b-41d4-a716-446655440096', '140e8400-e29b-41d4-a716-446655440206', 'Survey methods', FALSE, 2, 'Not mentioned', 0.00),
('150e8400-e29b-41d4-a716-446655440097', '140e8400-e29b-41d4-a716-446655440206', 'Interview techniques', FALSE, 3, 'Not discussed', 0.00),
('150e8400-e29b-41d4-a716-446655440098', '140e8400-e29b-41d4-a716-446655440206', 'Observation methods', FALSE, 4, 'Not the focus', 0.00);

-- ============================================
-- IELTS MOCK TESTS DATA (4 Complete Tests)
-- ============================================

-- Insert exercises for 4 IELTS mock tests
INSERT INTO exercises (id, lesson_id, test_section_id, title, instruction, content, exercise_type, skill_type, time_limit, max_attempts, passing_score, ordering, is_active, audio_url) VALUES
-- Reading Test exercises (3 passages within 1 section)
-- Passage 1: Full passage text in exercise.content (IELTS standard: 700-900 words)
('130e8400-e29b-41d4-a716-446655440100', NULL, '300e8400-e29b-41d4-a716-446655440100', 'Reading Passage 1', 'Read the passage and answer questions 1-13', '{"reading_passage": {"title": "The History of Human Migration", "content": "The history of human migration is a fascinating subject that spans thousands of years and encompasses the movement of people across continents, oceans, and cultures. Early humans began migrating from Africa approximately 60,000 years ago, gradually populating different continents through a series of remarkable journeys that shaped the course of human civilization. This migration was driven by various factors including climate change, the search for food and resources, population pressure, and the innate human desire to explore and settle new territories. Archaeological evidence shows that these early migrations were not random but followed specific routes, often along coastlines and river valleys where resources were more abundant. Researchers have discovered that early humans possessed sophisticated navigation skills, using natural landmarks, celestial bodies, and environmental cues to guide their journeys. The migration patterns reveal a complex understanding of geography and resource management that enabled human populations to thrive in diverse environments. One of the most significant migration routes was the coastal path from Africa through the Middle East and into Asia, which allowed early humans to access marine resources and avoid harsh inland conditions. This route eventually led to the peopling of Australia and the Pacific islands, demonstrating remarkable seafaring capabilities that were previously underestimated. The discovery of ancient tools and artifacts along these routes provides crucial insights into the technological innovations that facilitated long-distance travel. The migration to the Americas represents another extraordinary chapter in human history. Scientists believe that humans crossed the Bering Land Bridge during the last Ice Age, when sea levels were lower and a land connection existed between Asia and North America. This migration required adaptation to extreme cold conditions and the development of specialized survival techniques. The subsequent spread throughout the Americas occurred over thousands of years, with different groups developing unique cultures and technologies adapted to their specific environments. Evidence from archaeological sites across North and South America shows sophisticated adaptations to local climates, from the Arctic tundra to tropical rainforests. Climate change played a crucial role in driving and enabling these migrations. Periods of warming and cooling created opportunities for movement while also presenting challenges that required adaptation. The ability to adapt to changing environmental conditions became a key factor in the success of migrating populations. This adaptability is evident in the diverse range of cultures, languages, and technologies that emerged in different regions. During the last glacial maximum, when much of the northern hemisphere was covered in ice, human populations were forced to migrate to more hospitable regions, leading to significant population movements and cultural exchanges. Modern genetic studies have revolutionized our understanding of human migration patterns. By analyzing DNA from contemporary populations and ancient remains, scientists can trace migration routes with unprecedented accuracy. These studies reveal that human populations are more interconnected than previously thought, with genetic evidence showing multiple waves of migration and interbreeding between different groups. The field of population genetics has uncovered fascinating details about how different human groups are related, showing that all modern humans share a common African ancestry while also revealing the complex web of migrations that occurred over tens of thousands of years. The impact of these migrations extends far beyond the movement of people. They facilitated the exchange of ideas, technologies, and cultural practices that shaped human development. Agricultural techniques, tool-making methods, and artistic traditions spread along migration routes, creating a rich tapestry of human innovation and creativity. The domestication of plants and animals, for instance, spread from its origins in the Fertile Crescent to other parts of the world through migration and trade networks. Similarly, metallurgical knowledge, architectural styles, and religious beliefs traveled with migrating populations, leading to the rich cultural diversity we see today. The legacy of these ancient migrations continues to influence modern societies, as evidenced by the distribution of languages, genetic markers, and cultural practices around the world. Linguistic studies have shown how language families spread with migrating populations, while archaeological evidence demonstrates the transmission of technologies and artistic styles. Understanding these historical migration patterns helps us appreciate the interconnectedness of human societies and provides valuable insights into how populations adapt to new environments and challenges.", "paragraphs": [{"id": "para-1", "label": "A", "content": "The history of human migration is a fascinating subject that spans thousands of years and encompasses the movement of people across continents, oceans, and cultures. Early humans began migrating from Africa approximately 60,000 years ago, gradually populating different continents through a series of remarkable journeys that shaped the course of human civilization. This migration was driven by various factors including climate change, the search for food and resources, population pressure, and the innate human desire to explore and settle new territories. Archaeological evidence shows that these early migrations were not random but followed specific routes, often along coastlines and river valleys where resources were more abundant."}, {"id": "para-2", "label": "B", "content": "Researchers have discovered that early humans possessed sophisticated navigation skills, using natural landmarks, celestial bodies, and environmental cues to guide their journeys. The migration patterns reveal a complex understanding of geography and resource management that enabled human populations to thrive in diverse environments. One of the most significant migration routes was the coastal path from Africa through the Middle East and into Asia, which allowed early humans to access marine resources and avoid harsh inland conditions. This route eventually led to the peopling of Australia and the Pacific islands, demonstrating remarkable seafaring capabilities that were previously underestimated. The discovery of ancient tools and artifacts along these routes provides crucial insights into the technological innovations that facilitated long-distance travel."}, {"id": "para-3", "label": "C", "content": "The migration to the Americas represents another extraordinary chapter in human history. Scientists believe that humans crossed the Bering Land Bridge during the last Ice Age, when sea levels were lower and a land connection existed between Asia and North America. This migration required adaptation to extreme cold conditions and the development of specialized survival techniques. The subsequent spread throughout the Americas occurred over thousands of years, with different groups developing unique cultures and technologies adapted to their specific environments. Evidence from archaeological sites across North and South America shows sophisticated adaptations to local climates, from the Arctic tundra to tropical rainforests."}, {"id": "para-4", "label": "D", "content": "Climate change played a crucial role in driving and enabling these migrations. Periods of warming and cooling created opportunities for movement while also presenting challenges that required adaptation. The ability to adapt to changing environmental conditions became a key factor in the success of migrating populations. This adaptability is evident in the diverse range of cultures, languages, and technologies that emerged in different regions. During the last glacial maximum, when much of the northern hemisphere was covered in ice, human populations were forced to migrate to more hospitable regions, leading to significant population movements and cultural exchanges."}, {"id": "para-5", "label": "E", "content": "Modern genetic studies have revolutionized our understanding of human migration patterns. By analyzing DNA from contemporary populations and ancient remains, scientists can trace migration routes with unprecedented accuracy. These studies reveal that human populations are more interconnected than previously thought, with genetic evidence showing multiple waves of migration and interbreeding between different groups. The field of population genetics has uncovered fascinating details about how different human groups are related, showing that all modern humans share a common African ancestry while also revealing the complex web of migrations that occurred over tens of thousands of years."}, {"id": "para-6", "label": "F", "content": "The impact of these migrations extends far beyond the movement of people. They facilitated the exchange of ideas, technologies, and cultural practices that shaped human development. Agricultural techniques, tool-making methods, and artistic traditions spread along migration routes, creating a rich tapestry of human innovation and creativity. The domestication of plants and animals, for instance, spread from its origins in the Fertile Crescent to other parts of the world through migration and trade networks. Similarly, metallurgical knowledge, architectural styles, and religious beliefs traveled with migrating populations, leading to the rich cultural diversity we see today."}, {"id": "para-7", "label": "G", "content": "The legacy of these ancient migrations continues to influence modern societies, as evidenced by the distribution of languages, genetic markers, and cultural practices around the world. Linguistic studies have shown how language families spread with migrating populations, while archaeological evidence demonstrates the transmission of technologies and artistic styles. Understanding these historical migration patterns helps us appreciate the interconnectedness of human societies and provides valuable insights into how populations adapt to new environments and challenges."}]}}', 'mock_test', 'reading', 20, 1, 0.00, 1, TRUE, NULL),
-- Passage 2: Full passage text in exercise.content (IELTS standard: 700-900 words)
('130e8400-e29b-41d4-a716-446655440101', NULL, '300e8400-e29b-41d4-a716-446655440100', 'Reading Passage 2', 'Read the passage and answer questions 14-27', '{"passage": "The Development of Modern Medicine\n\nA\n\nThe development of modern medicine has revolutionized healthcare and extended human life expectancy significantly over the past century. From the discovery of antibiotics in the early 20th century to advanced surgical techniques and medical imaging technologies, medical science has made remarkable progress in treating diseases and improving quality of life. The introduction of vaccines has virtually eliminated many deadly diseases that once claimed millions of lives annually, while surgical innovations have made previously impossible procedures routine. The average human lifespan has increased from approximately 45 years in 1900 to over 70 years in many parts of the world today, largely due to advances in medical science and public health measures.\n\nB\n\nHowever, the medical field faces numerous challenges in the 21st century. Antibiotic resistance has emerged as a critical threat, with many bacterial infections becoming increasingly difficult to treat. This problem has been exacerbated by the overuse of antibiotics in both human medicine and agriculture. The World Health Organization has identified antibiotic resistance as one of the biggest threats to global health, food security, and development today. The rising cost of healthcare has also become a significant concern, particularly in developed countries where medical expenses can be prohibitive for many individuals and families. Additionally, ensuring access to medical services in developing countries remains a major challenge, with millions of people lacking basic healthcare facilities.\n\nC\n\nThe future of medicine lies in several promising areas. Personalized treatments based on individual genetic profiles are becoming increasingly common, allowing doctors to tailor medications and therapies to specific patients. This approach, known as precision medicine, takes into account individual variability in genes, environment, and lifestyle. Gene therapy offers the potential to cure genetic disorders by correcting defective genes, while regenerative medicine aims to repair or replace damaged tissues and organs using stem cells and tissue engineering. Preventive care is also gaining importance, with greater emphasis on lifestyle modifications, early detection, and health education to prevent diseases before they develop.\n\nD\n\nTechnological innovations continue to transform medical practice. Artificial intelligence is being used to analyze medical images, assist in diagnosis, and predict patient outcomes with remarkable accuracy. Machine learning algorithms can now detect patterns in medical data that might be missed by human doctors, leading to earlier diagnosis and more effective treatments. Telemedicine has expanded access to healthcare, particularly in remote areas, while wearable devices enable continuous monitoring of health parameters such as heart rate, blood pressure, and blood glucose levels. Robotics and minimally invasive surgical techniques have reduced recovery times and improved surgical precision, allowing for procedures that were once considered impossible.\n\nE\n\nDespite these advances, ethical considerations remain paramount. Issues such as patient privacy, informed consent, and equitable access to new treatments require careful consideration. The medical community must balance innovation with responsibility, ensuring that new technologies benefit all members of society while maintaining the highest standards of care and ethical practice. The use of genetic information raises concerns about discrimination and privacy, while the high cost of new treatments creates challenges for healthcare systems worldwide. There is an ongoing debate about how to ensure that medical advances are accessible to all, regardless of socioeconomic status.\n\nF\n\nResearch in medicine continues to push boundaries, with scientists exploring new frontiers in areas such as nanotechnology, immunotherapy, and brain-computer interfaces. Nanotechnology offers the potential for targeted drug delivery and early disease detection at the molecular level. Immunotherapy has shown remarkable success in treating certain types of cancer by harnessing the body''s own immune system. Brain-computer interfaces hold promise for helping people with paralysis or neurological conditions regain function. These cutting-edge technologies represent the next wave of medical innovation, though they also bring new ethical and practical challenges that must be carefully navigated.\n\nG\n\nThe global nature of modern medicine means that diseases and health challenges are increasingly interconnected. Pandemics such as COVID-19 have demonstrated the importance of international cooperation in medical research and public health. Climate change is also emerging as a significant health threat, affecting everything from the spread of infectious diseases to food security and mental health. As medicine continues to evolve, it must address not only individual health but also population health and global health security, requiring collaboration across borders and disciplines."}', 'mock_test', 'reading', 20, 1, 0.00, 2, TRUE, NULL),
-- Passage 3: Full passage text in exercise.content (IELTS standard: 700-900 words)
('130e8400-e29b-41d4-a716-446655440102', NULL, '300e8400-e29b-41d4-a716-446655440100', 'Reading Passage 3', 'Read the passage and answer questions 28-40', '{"passage": "The Impact of Social Media on Modern Society\n\nA\n\nThe impact of social media on modern society is profound and multifaceted, transforming how people communicate, access information, and engage with the world around them. While social media platforms have connected billions of people worldwide and facilitated unprecedented information sharing, they have also raised significant concerns about privacy, mental health, and the spread of misinformation. Understanding these complex dynamics is essential for navigating the digital landscape effectively. Social media has fundamentally changed the way we interact, work, and perceive the world, creating both opportunities and challenges that previous generations never encountered.\n\nB\n\nOne of the most significant positive impacts of social media is its ability to connect people across geographical boundaries. Families separated by distance can maintain close relationships through video calls and instant messaging, sharing daily moments and important milestones in real-time. Friends can share life updates instantly, and communities can form around shared interests regardless of physical location. Social media has also democratized information access, allowing individuals to learn about events, cultures, and perspectives from around the world. Educational content, news, and cultural exchanges happen at an unprecedented scale, breaking down traditional barriers to information and understanding.\n\nC\n\nHowever, the negative consequences of social media use cannot be overlooked. Research indicates that excessive social media use can lead to anxiety, depression, and feelings of isolation, particularly among young people. The constant comparison with others'' curated online personas can create unrealistic expectations and diminish self-esteem. Studies have shown that spending more than two hours per day on social media is associated with poor mental health outcomes, including increased rates of depression and anxiety. Cyberbullying has become a serious problem, with victims experiencing psychological distress that can have long-lasting effects. The anonymity and distance provided by digital platforms can embolden harmful behavior that might not occur in face-to-face interactions.\n\nD\n\nPrivacy concerns represent another major issue. Social media platforms collect vast amounts of personal data, often without users fully understanding how this information is used. This data can be sold to advertisers, used to manipulate user behavior, or potentially accessed by unauthorized parties. The Cambridge Analytica scandal highlighted how personal data could be exploited for political purposes, raising questions about the ethical use of social media data. Users often trade their personal information for free access to platforms, creating a business model that prioritizes engagement and advertising revenue over user privacy and well-being.\n\nE\n\nThe spread of misinformation and fake news has become a critical challenge. Social media algorithms designed to maximize engagement often prioritize sensational or controversial content, regardless of its accuracy. This has contributed to the polarization of public discourse and undermined trust in traditional media and institutions. The rapid spread of false information during crises, such as the COVID-19 pandemic, has demonstrated the real-world consequences of misinformation, leading to public health risks and social unrest. Echo chambers and filter bubbles can reinforce existing beliefs while preventing exposure to diverse perspectives, further contributing to societal division.\n\nF\n\nDespite these challenges, social media can be a powerful tool when used responsibly. Educational institutions have leveraged social media to enhance learning, with teachers using platforms to share resources, facilitate discussions, and connect with students. Activists have used social media to organize movements, raise awareness about important issues, and mobilize support for causes. The Arab Spring and various social justice movements have demonstrated the power of social media to facilitate political change and social mobilization. Community building has flourished online, with groups forming around hobbies, support networks, and shared experiences, providing connection and belonging for people who might otherwise feel isolated.\n\nG\n\nThe future of social media will likely involve greater regulation and user awareness. Governments are implementing stricter data protection laws, such as the European Union''s General Data Protection Regulation, while platforms are developing tools to combat misinformation and protect user privacy. Digital literacy education is becoming increasingly important, helping users navigate social media more critically and responsibly. As society continues to adapt to this digital revolution, finding the right balance between the benefits and drawbacks of social media remains an ongoing challenge. The responsibility lies not only with platform developers and regulators but also with individual users to engage thoughtfully and ethically with these powerful communication tools."}', 'mock_test', 'reading', 20, 1, 0.00, 3, TRUE, NULL),

-- Listening Test exercises (4 exercises within 1 section)
('130e8400-e29b-41d4-a716-446655440103', NULL, '300e8400-e29b-41d4-a716-446655440103', 'Listening Section 1', 'Listen to the conversation and answer questions 1-10', '{"audio_url": "/test/audio.mp3", "audio_duration": 600, "transcript": "You will hear a conversation between a student and a university accommodation officer about finding accommodation..."}', 'mock_test', 'listening', 7, 1, 0.00, 1, TRUE, '/test/audio.mp3'),
('130e8400-e29b-41d4-a716-446655440104', NULL, '300e8400-e29b-41d4-a716-446655440103', 'Listening Section 2', 'Listen to the monologue and answer questions 11-20', '{"audio_url": "/test/audio.mp3", "audio_duration": 600, "transcript": "You will hear a talk about a local museum and its facilities..."}', 'mock_test', 'listening', 7, 1, 0.00, 2, TRUE, '/test/audio.mp3'),
('130e8400-e29b-41d4-a716-446655440105', NULL, '300e8400-e29b-41d4-a716-446655440103', 'Listening Section 3', 'Listen to the conversation and answer questions 21-30', '{"audio_url": "/test/audio.mp3", "audio_duration": 600, "transcript": "You will hear a conversation between two students discussing a research project..."}', 'mock_test', 'listening', 8, 1, 0.00, 3, TRUE, '/test/audio.mp3'),
('130e8400-e29b-41d4-a716-446655440106', NULL, '300e8400-e29b-41d4-a716-446655440103', 'Listening Section 4', 'Listen to the lecture and answer questions 31-40', '{"audio_url": "/test/audio.mp3", "audio_duration": 600, "transcript": "You will hear a lecture about marine biology and ocean conservation..."}', 'mock_test', 'listening', 8, 1, 0.00, 4, TRUE, '/test/audio.mp3'),

-- Writing Test exercises (2 exercises within 1 section)
('130e8400-e29b-41d4-a716-446655440107', NULL, '300e8400-e29b-41d4-a716-446655440107', 'Writing Task 1', 'Write a 150-word report describing the visual information', '{"chart_url": "/test/image.jpg", "chart_type": "bar", "description": "The bar chart shows the percentage of households with internet access in five countries from 2000 to 2020"}', 'mock_test', 'writing', 20, 1, 0.00, 1, TRUE, NULL),
('130e8400-e29b-41d4-a716-446655440108', NULL, '300e8400-e29b-41d4-a716-446655440107', 'Writing Task 2', 'Write a 250-word essay on the given topic', '{"topic": "Some people believe that university education should be free for all students, while others argue that students should pay for their own education. Discuss both views and give your own opinion.", "essay_type": "discussion"}', 'mock_test', 'writing', 40, 1, 0.00, 2, TRUE, NULL),

-- Speaking Test exercises (3 exercises within 1 section)
('130e8400-e29b-41d4-a716-446655440109', NULL, '300e8400-e29b-41d4-a716-446655440109', 'Speaking Part 1', 'Answer personal questions about yourself', '{"questions": ["What is your full name?", "Where are you from?", "Do you work or study?", "What do you like about your hometown?"], "topic": "Personal information and familiar topics"}', 'mock_test', 'speaking', 5, 1, 0.00, 1, TRUE, NULL),
('130e8400-e29b-41d4-a716-446655440110', NULL, '300e8400-e29b-41d4-a716-446655440109', 'Speaking Part 2', 'Speak about the given topic for 2 minutes', '{"topic": "Describe a place you would like to visit", "cue_card": true, "points": ["Where this place is", "What you know about it", "What you would like to do there", "Why you would like to visit it"]}', 'mock_test', 'speaking', 2, 1, 0.00, 2, TRUE, NULL),
('130e8400-e29b-41d4-a716-446655440111', NULL, '300e8400-e29b-41d4-a716-446655440109', 'Speaking Part 3', 'Discuss abstract topics related to Part 2', '{"questions": ["How has tourism changed in recent years?", "What are the benefits and drawbacks of tourism?", "How can governments manage tourism effectively?"], "topic": "Travel and tourism"}', 'mock_test', 'speaking', 5, 1, 0.00, 3, TRUE, NULL);

-- Insert question groups for Reading Test (Passage 1) - Passage is now in exercise.content, not here
INSERT INTO question_groups (id, exercise_id, image_url, group_title, group_instruction, passage_reference, question_type, ordering, question_range, correct_answer_count) VALUES
('160e8400-e29b-41d4-a716-446655440100', '130e8400-e29b-41d4-a716-446655440100', NULL, 'Questions 1-6', 'Multiple choice questions', NULL, 'multiple_choice', 1, '1-6', 6),
('160e8400-e29b-41d4-a716-446655440101', '130e8400-e29b-41d4-a716-446655440100', NULL, 'Questions 7-13', 'True/False/Not Given questions', NULL, 'true_false', 2, '7-13', 7),

-- Question groups for Reading Test (Passage 2) - Passage is now in exercise.content, not here
('160e8400-e29b-41d4-a716-446655440102', '130e8400-e29b-41d4-a716-446655440101', NULL, 'Questions 14-20', 'Matching headings to paragraphs', NULL, 'matching', 1, '14-20', 7),
('160e8400-e29b-41d4-a716-446655440103', '130e8400-e29b-41d4-a716-446655440101', NULL, 'Questions 21-27', 'Summary completion', NULL, 'fill_blank', 2, '21-27', 7),

-- Question groups for Reading Test (Passage 3) - Passage is now in exercise.content, not here
('160e8400-e29b-41d4-a716-446655440104', '130e8400-e29b-41d4-a716-446655440102', NULL, 'Questions 28-35', 'Multiple choice questions', NULL, 'multiple_choice', 1, '28-35', 8),
('160e8400-e29b-41d4-a716-446655440105', '130e8400-e29b-41d4-a716-446655440102', NULL, 'Questions 36-40', 'Sentence completion', NULL, 'fill_blank', 2, '36-40', 5),

-- Question groups for Listening Test (4 sections)
('160e8400-e29b-41d4-a716-446655440106', '130e8400-e29b-41d4-a716-446655440103', NULL, 'Questions 1-10', 'Listen to Section 1 and answer questions 1-10', NULL, 'multiple_choice', 1, '1-10', 10),
('160e8400-e29b-41d4-a716-446655440107', '130e8400-e29b-41d4-a716-446655440104', NULL, 'Questions 11-20', 'Listen to Section 2 and answer questions 11-20', NULL, 'fill_blank', 1, '11-20', 10),
('160e8400-e29b-41d4-a716-446655440108', '130e8400-e29b-41d4-a716-446655440105', NULL, 'Questions 21-30', 'Listen to Section 3 and answer questions 21-30', NULL, 'multiple_choice', 1, '21-30', 10),
('160e8400-e29b-41d4-a716-446655440109', '130e8400-e29b-41d4-a716-446655440106', NULL, 'Questions 31-40', 'Listen to Section 4 and answer questions 31-40', NULL, 'fill_blank', 1, '31-40', 10);

-- Insert questions for Reading Test (Passage 1 - Questions 1-13)
INSERT INTO questions (id, exercise_id, question_group_id, question_text, question_type, image_url, audio_url, audio_duration, reading_passage, explanation, points, ordering, question_group) VALUES
-- Passage 1: Multiple choice questions (1-6)
('140e8400-e29b-41d4-a716-446655440100', '130e8400-e29b-41d4-a716-446655440100', '160e8400-e29b-41d4-a716-446655440100', 'What is the main topic of the passage?', 'multiple_choice', NULL, NULL, NULL, NULL, '{"correct_answer": "Human migration history"}', 1.00, 1, 'Passage 1'),
('140e8400-e29b-41d4-a716-446655440101', '130e8400-e29b-41d4-a716-446655440100', '160e8400-e29b-41d4-a716-446655440100', 'When did early humans begin migrating from Africa?', 'multiple_choice', NULL, NULL, NULL, NULL, '{"correct_answer": "Approximately 60,000 years ago"}', 1.00, 2, 'Passage 1'),
('140e8400-e29b-41d4-a716-446655440102', '130e8400-e29b-41d4-a716-446655440100', '160e8400-e29b-41d4-a716-446655440100', 'What was NOT mentioned as a factor driving migration?', 'multiple_choice', NULL, NULL, NULL, NULL, '{"correct_answer": "Technological advancement"}', 1.00, 3, 'Passage 1'),
('140e8400-e29b-41d4-a716-446655440103', '130e8400-e29b-41d4-a716-446655440100', '160e8400-e29b-41d4-a716-446655440100', 'According to the passage, early migrations followed:', 'multiple_choice', NULL, NULL, NULL, NULL, '{"correct_answer": "Specific routes along coastlines and rivers"}', 1.00, 4, 'Passage 1'),
('140e8400-e29b-41d4-a716-446655440104', '130e8400-e29b-41d4-a716-446655440100', '160e8400-e29b-41d4-a716-446655440100', 'The passage suggests that migration routes were chosen based on:', 'multiple_choice', NULL, NULL, NULL, NULL, '{"correct_answer": "Availability of resources"}', 1.00, 5, 'Passage 1'),
('140e8400-e29b-41d4-a716-446655440105', '130e8400-e29b-41d4-a716-446655440100', '160e8400-e29b-41d4-a716-446655440100', 'What evidence supports the claim about migration routes?', 'multiple_choice', NULL, NULL, NULL, NULL, '{"correct_answer": "Archaeological evidence"}', 1.00, 6, 'Passage 1'),

-- Passage 1: True/False/Not Given questions (7-13)
('140e8400-e29b-41d4-a716-446655440106', '130e8400-e29b-41d4-a716-446655440100', '160e8400-e29b-41d4-a716-446655440101', 'Early human migration was a random process.', 'true_false', NULL, NULL, NULL, NULL, '{"correct_answer": "False"}', 1.00, 7, 'Passage 1'),
('140e8400-e29b-41d4-a716-446655440107', '130e8400-e29b-41d4-a716-446655440100', '160e8400-e29b-41d4-a716-446655440101', 'Climate change was one of the factors driving migration.', 'true_false', NULL, NULL, NULL, NULL, '{"correct_answer": "True"}', 1.00, 8, 'Passage 1'),
('140e8400-e29b-41d4-a716-446655440108', '130e8400-e29b-41d4-a716-446655440100', '160e8400-e29b-41d4-a716-446655440101', 'All continents were populated at the same time.', 'true_false', NULL, NULL, NULL, NULL, '{"correct_answer": "False"}', 1.00, 9, 'Passage 1'),
('140e8400-e29b-41d4-a716-446655440109', '130e8400-e29b-41d4-a716-446655440100', '160e8400-e29b-41d4-a716-446655440101', 'River valleys provided better resources than other areas.', 'true_false', NULL, NULL, NULL, NULL, '{"correct_answer": "True"}', 1.00, 10, 'Passage 1'),
('140e8400-e29b-41d4-a716-446655440110', '130e8400-e29b-41d4-a716-446655440100', '160e8400-e29b-41d4-a716-446655440101', 'The passage mentions specific dates for all migration events.', 'true_false', NULL, NULL, NULL, NULL, '{"correct_answer": "False"}', 1.00, 11, 'Passage 1'),
('140e8400-e29b-41d4-a716-446655440111', '130e8400-e29b-41d4-a716-446655440100', '160e8400-e29b-41d4-a716-446655440101', 'Population pressure contributed to migration.', 'true_false', NULL, NULL, NULL, NULL, '{"correct_answer": "True"}', 1.00, 12, 'Passage 1'),
('140e8400-e29b-41d4-a716-446655440112', '130e8400-e29b-41d4-a716-446655440100', '160e8400-e29b-41d4-a716-446655440101', 'Archaeological evidence is the only source of information about migration.', 'true_false', NULL, NULL, NULL, NULL, '{"correct_answer": "Not Given"}', 1.00, 13, 'Passage 1');

-- Insert question options for Reading Test Passage 1 (Multiple choice questions 1-6)
INSERT INTO question_options (id, question_id, option_text, is_correct, ordering, explanation, point) VALUES
-- Options for question 100
('150e8400-e29b-41d4-a716-446655440100', '140e8400-e29b-41d4-a716-446655440100', 'Human migration history', TRUE, 1, 'Main topic of the passage', 1.00),
('150e8400-e29b-41d4-a716-446655440101', '140e8400-e29b-41d4-a716-446655440100', 'African history', FALSE, 2, 'Too narrow', 0.00),
('150e8400-e29b-41d4-a716-446655440102', '140e8400-e29b-41d4-a716-446655440100', 'Archaeological methods', FALSE, 3, 'Not the main topic', 0.00),
('150e8400-e29b-41d4-a716-446655440103', '140e8400-e29b-41d4-a716-446655440100', 'Climate change effects', FALSE, 4, 'Only one aspect', 0.00),
-- Options for question 101
('150e8400-e29b-41d4-a716-446655440104', '140e8400-e29b-41d4-a716-446655440101', 'Approximately 60,000 years ago', TRUE, 1, 'Directly stated in passage', 1.00),
('150e8400-e29b-41d4-a716-446655440105', '140e8400-e29b-41d4-a716-446655440101', '100,000 years ago', FALSE, 2, 'Not mentioned', 0.00),
('150e8400-e29b-41d4-a716-446655440106', '140e8400-e29b-41d4-a716-446655440101', '40,000 years ago', FALSE, 3, 'Incorrect date', 0.00),
('150e8400-e29b-41d4-a716-446655440107', '140e8400-e29b-41d4-a716-446655440101', '80,000 years ago', FALSE, 4, 'Not mentioned', 0.00),
-- Options for question 102
('150e8400-e29b-41d4-a716-446655440108', '140e8400-e29b-41d4-a716-446655440102', 'Technological advancement', TRUE, 1, 'Not mentioned as a factor', 1.00),
('150e8400-e29b-41d4-a716-446655440109', '140e8400-e29b-41d4-a716-446655440102', 'Climate change', FALSE, 2, 'Mentioned as a factor', 0.00),
('150e8400-e29b-41d4-a716-446655440110', '140e8400-e29b-41d4-a716-446655440102', 'Search for food', FALSE, 3, 'Mentioned as a factor', 0.00),
('150e8400-e29b-41d4-a716-446655440111', '140e8400-e29b-41d4-a716-446655440102', 'Population pressure', FALSE, 4, 'Mentioned as a factor', 0.00),
-- Options for question 103
('150e8400-e29b-41d4-a716-446655440112', '140e8400-e29b-41d4-a716-446655440103', 'Specific routes along coastlines and rivers', TRUE, 1, 'Directly stated', 1.00),
('150e8400-e29b-41d4-a716-446655440113', '140e8400-e29b-41d4-a716-446655440103', 'Random paths', FALSE, 2, 'Contradicts passage', 0.00),
('150e8400-e29b-41d4-a716-446655440114', '140e8400-e29b-41d4-a716-446655440103', 'Direct routes', FALSE, 3, 'Not mentioned', 0.00),
('150e8400-e29b-41d4-a716-446655440115', '140e8400-e29b-41d4-a716-446655440103', 'Mountain passes', FALSE, 4, 'Not mentioned', 0.00),
-- Options for question 104
('150e8400-e29b-41d4-a716-446655440116', '140e8400-e29b-41d4-a716-446655440104', 'Availability of resources', TRUE, 1, 'Implied in passage', 1.00),
('150e8400-e29b-41d4-a716-446655440117', '140e8400-e29b-41d4-a716-446655440104', 'Weather conditions', FALSE, 2, 'Not the main reason', 0.00),
('150e8400-e29b-41d4-a716-446655440118', '140e8400-e29b-41d4-a716-446655440104', 'Distance from origin', FALSE, 3, 'Not mentioned', 0.00),
('150e8400-e29b-41d4-a716-446655440119', '140e8400-e29b-41d4-a716-446655440104', 'Population density', FALSE, 4, 'Not mentioned', 0.00),
-- Options for question 105
('150e8400-e29b-41d4-a716-446655440120', '140e8400-e29b-41d4-a716-446655440105', 'Archaeological evidence', TRUE, 1, 'Directly stated', 1.00),
('150e8400-e29b-41d4-a716-446655440121', '140e8400-e29b-41d4-a716-446655440105', 'Written records', FALSE, 2, 'Not mentioned', 0.00),
('150e8400-e29b-41d4-a716-446655440122', '140e8400-e29b-41d4-a716-446655440105', 'Oral traditions', FALSE, 3, 'Not mentioned', 0.00),
('150e8400-e29b-41d4-a716-446655440123', '140e8400-e29b-41d4-a716-446655440105', 'Genetic studies', FALSE, 4, 'Not mentioned', 0.00);

-- Insert questions for Reading Test (Passage 2 - Questions 14-27)
INSERT INTO questions (id, exercise_id, question_group_id, question_text, question_type, image_url, audio_url, audio_duration, reading_passage, explanation, points, ordering, question_group) VALUES
-- Passage 2: Matching headings (14-20)
('140e8400-e29b-41d4-a716-446655440113', '130e8400-e29b-41d4-a716-446655440101', '160e8400-e29b-41d4-a716-446655440102', 'Paragraph A', 'matching', NULL, NULL, NULL, NULL, '{"correct_answer": "Medical progress and achievements"}', 1.00, 14, 'Passage 2'),
('140e8400-e29b-41d4-a716-446655440114', '130e8400-e29b-41d4-a716-446655440101', '160e8400-e29b-41d4-a716-446655440102', 'Paragraph B', 'matching', NULL, NULL, NULL, NULL, '{"correct_answer": "Current challenges in healthcare"}', 1.00, 15, 'Passage 2'),
('140e8400-e29b-41d4-a716-446655440115', '130e8400-e29b-41d4-a716-446655440101', '160e8400-e29b-41d4-a716-446655440102', 'Paragraph C', 'matching', NULL, NULL, NULL, NULL, '{"correct_answer": "Future directions in medicine"}', 1.00, 16, 'Passage 2'),
('140e8400-e29b-41d4-a716-446655440116', '130e8400-e29b-41d4-a716-446655440101', '160e8400-e29b-41d4-a716-446655440102', 'Paragraph D', 'matching', NULL, NULL, NULL, NULL, '{"correct_answer": "Impact on life expectancy"}', 1.00, 17, 'Passage 2'),
('140e8400-e29b-41d4-a716-446655440117', '130e8400-e29b-41d4-a716-446655440101', '160e8400-e29b-41d4-a716-446655440102', 'Paragraph E', 'matching', NULL, NULL, NULL, NULL, '{"correct_answer": "Antibiotic resistance concerns"}', 1.00, 18, 'Passage 2'),
('140e8400-e29b-41d4-a716-446655440118', '130e8400-e29b-41d4-a716-446655440101', '160e8400-e29b-41d4-a716-446655440102', 'Paragraph F', 'matching', NULL, NULL, NULL, NULL, '{"correct_answer": "Healthcare accessibility issues"}', 1.00, 19, 'Passage 2'),
('140e8400-e29b-41d4-a716-446655440119', '130e8400-e29b-41d4-a716-446655440101', '160e8400-e29b-41d4-a716-446655440102', 'Paragraph G', 'matching', NULL, NULL, NULL, NULL, '{"correct_answer": "Personalized treatment approaches"}', 1.00, 20, 'Passage 2'),

-- Passage 2: Summary completion (21-27)
('140e8400-e29b-41d4-a716-446655440120', '130e8400-e29b-41d4-a716-446655440101', '160e8400-e29b-41d4-a716-446655440103', 'Modern medicine has _____ healthcare significantly.', 'fill_blank', NULL, NULL, NULL, NULL, '{"correct_answer": "revolutionized"}', 1.00, 21, 'Passage 2'),
('140e8400-e29b-41d4-a716-446655440121', '130e8400-e29b-41d4-a716-446655440101', '160e8400-e29b-41d4-a716-446655440103', 'The discovery of _____ was a major medical breakthrough.', 'fill_blank', NULL, NULL, NULL, NULL, '{"correct_answer": "antibiotics"}', 1.00, 22, 'Passage 2'),
('140e8400-e29b-41d4-a716-446655440122', '130e8400-e29b-41d4-a716-446655440101', '160e8400-e29b-41d4-a716-446655440103', 'One challenge facing medicine is _____ resistance.', 'fill_blank', NULL, NULL, NULL, NULL, '{"correct_answer": "antibiotic"}', 1.00, 23, 'Passage 2'),
('140e8400-e29b-41d4-a716-446655440123', '130e8400-e29b-41d4-a716-446655440101', '160e8400-e29b-41d4-a716-446655440103', 'Access to medical services in _____ countries remains a problem.', 'fill_blank', NULL, NULL, NULL, NULL, '{"correct_answer": "developing"}', 1.00, 24, 'Passage 2'),
('140e8400-e29b-41d4-a716-446655440124', '130e8400-e29b-41d4-a716-446655440101', '160e8400-e29b-41d4-a716-446655440103', 'The future of medicine includes _____ treatments.', 'fill_blank', NULL, NULL, NULL, NULL, '{"correct_answer": "personalized"}', 1.00, 25, 'Passage 2'),
('140e8400-e29b-41d4-a716-446655440125', '130e8400-e29b-41d4-a716-446655440101', '160e8400-e29b-41d4-a716-446655440103', 'Gene therapy is mentioned as a future _____ in medicine.', 'fill_blank', NULL, NULL, NULL, NULL, '{"correct_answer": "direction"}', 1.00, 26, 'Passage 2'),
('140e8400-e29b-41d4-a716-446655440126', '130e8400-e29b-41d4-a716-446655440101', '160e8400-e29b-41d4-a716-446655440103', 'Preventive care is part of the future of _____.', 'fill_blank', NULL, NULL, NULL, NULL, '{"correct_answer": "medicine"}', 1.00, 27, 'Passage 2');

-- Insert matching options for Passage 2 (Questions 14-20)
INSERT INTO matching_options (id, set_id, option_text, ordering) VALUES
('170e8400-e29b-41d4-a716-446655440100', '160e8400-e29b-41d4-a716-446655440102', 'Medical progress and achievements', 1),
('170e8400-e29b-41d4-a716-446655440101', '160e8400-e29b-41d4-a716-446655440102', 'Current challenges in healthcare', 2),
('170e8400-e29b-41d4-a716-446655440102', '160e8400-e29b-41d4-a716-446655440102', 'Future directions in medicine', 3),
('170e8400-e29b-41d4-a716-446655440103', '160e8400-e29b-41d4-a716-446655440102', 'Impact on life expectancy', 4),
('170e8400-e29b-41d4-a716-446655440104', '160e8400-e29b-41d4-a716-446655440102', 'Antibiotic resistance concerns', 5),
('170e8400-e29b-41d4-a716-446655440105', '160e8400-e29b-41d4-a716-446655440102', 'Healthcare accessibility issues', 6),
('170e8400-e29b-41d4-a716-446655440106', '160e8400-e29b-41d4-a716-446655440102', 'Personalized treatment approaches', 7),
('170e8400-e29b-41d4-a716-446655440107', '160e8400-e29b-41d4-a716-446655440102', 'Rising healthcare costs', 8),
('170e8400-e29b-41d4-a716-446655440108', '160e8400-e29b-41d4-a716-446655440102', 'Surgical techniques advancement', 9);

-- Insert questions for Reading Test (Passage 3 - Questions 28-40)
INSERT INTO questions (id, exercise_id, question_group_id, question_text, question_type, image_url, audio_url, audio_duration, reading_passage, explanation, points, ordering, question_group) VALUES
-- Passage 3: Multiple choice questions (28-35)
('140e8400-e29b-41d4-a716-446655440127', '130e8400-e29b-41d4-a716-446655440102', '160e8400-e29b-41d4-a716-446655440104', 'What is the main focus of the passage?', 'multiple_choice', NULL, NULL, NULL, NULL, '{"correct_answer": "Social media impact on society"}', 1.00, 28, 'Passage 3'),
('140e8400-e29b-41d4-a716-446655440128', '130e8400-e29b-41d4-a716-446655440102', '160e8400-e29b-41d4-a716-446655440104', 'According to the passage, social media has:', 'multiple_choice', NULL, NULL, NULL, NULL, '{"correct_answer": "Connected billions of people worldwide"}', 1.00, 29, 'Passage 3'),
('140e8400-e29b-41d4-a716-446655440129', '130e8400-e29b-41d4-a716-446655440102', '160e8400-e29b-41d4-a716-446655440104', 'What concern is mentioned about social media?', 'multiple_choice', NULL, NULL, NULL, NULL, '{"correct_answer": "Privacy and mental health issues"}', 1.00, 30, 'Passage 3'),
('140e8400-e29b-41d4-a716-446655440130', '130e8400-e29b-41d4-a716-446655440102', '160e8400-e29b-41d4-a716-446655440104', 'Research indicates that excessive social media use can lead to:', 'multiple_choice', NULL, NULL, NULL, NULL, '{"correct_answer": "Anxiety and depression"}', 1.00, 31, 'Passage 3'),
('140e8400-e29b-41d4-a716-446655440131', '130e8400-e29b-41d4-a716-446655440102', '160e8400-e29b-41d4-a716-446655440104', 'Who is most affected by social media-related mental health issues?', 'multiple_choice', NULL, NULL, NULL, NULL, '{"correct_answer": "Young people"}', 1.00, 32, 'Passage 3'),
('140e8400-e29b-41d4-a716-446655440132', '130e8400-e29b-41d4-a716-446655440102', '160e8400-e29b-41d4-a716-446655440104', 'When used responsibly, social media can be a tool for:', 'multiple_choice', NULL, NULL, NULL, NULL, '{"correct_answer": "Education, activism, and community building"}', 1.00, 33, 'Passage 3'),
('140e8400-e29b-41d4-a716-446655440133', '130e8400-e29b-41d4-a716-446655440102', '160e8400-e29b-41d4-a716-446655440104', 'The passage suggests that social media impact is:', 'multiple_choice', NULL, NULL, NULL, NULL, '{"correct_answer": "Both positive and negative"}', 1.00, 34, 'Passage 3'),
('140e8400-e29b-41d4-a716-446655440134', '130e8400-e29b-41d4-a716-446655440102', '160e8400-e29b-41d4-a716-446655440104', 'What is NOT mentioned as a concern about social media?', 'multiple_choice', NULL, NULL, NULL, NULL, '{"correct_answer": "Physical health problems"}', 1.00, 35, 'Passage 3'),

-- Passage 3: Sentence completion (36-40)
('140e8400-e29b-41d4-a716-446655440135', '130e8400-e29b-41d4-a716-446655440102', '160e8400-e29b-41d4-a716-446655440105', 'Social media has _____ billions of people worldwide.', 'fill_blank', NULL, NULL, NULL, NULL, '{"correct_answer": "connected"}', 1.00, 36, 'Passage 3'),
('140e8400-e29b-41d4-a716-446655440136', '130e8400-e29b-41d4-a716-446655440102', '160e8400-e29b-41d4-a716-446655440105', 'Concerns about _____ have been raised regarding social media.', 'fill_blank', NULL, NULL, NULL, NULL, '{"correct_answer": "privacy"}', 1.00, 37, 'Passage 3'),
('140e8400-e29b-41d4-a716-446655440137', '130e8400-e29b-41d4-a716-446655440102', '160e8400-e29b-41d4-a716-446655440105', 'The spread of _____ is a concern with social media.', 'fill_blank', NULL, NULL, NULL, NULL, '{"correct_answer": "misinformation"}', 1.00, 38, 'Passage 3'),
('140e8400-e29b-41d4-a716-446655440138', '130e8400-e29b-41d4-a716-446655440102', '160e8400-e29b-41d4-a716-446655440105', 'Excessive social media use can lead to anxiety and _____.', 'fill_blank', NULL, NULL, NULL, NULL, '{"correct_answer": "depression"}', 1.00, 39, 'Passage 3'),
('140e8400-e29b-41d4-a716-446655440139', '130e8400-e29b-41d4-a716-446655440102', '160e8400-e29b-41d4-a716-446655440105', 'Social media can be a powerful tool for education and _____.', 'fill_blank', NULL, NULL, NULL, NULL, '{"correct_answer": "activism"}', 1.00, 40, 'Passage 3');

-- Insert question options for Reading Test Passage 3 (Multiple choice questions 28-35)
INSERT INTO question_options (id, question_id, option_text, is_correct, ordering, explanation, point) VALUES
-- Options for question 127
('150e8400-e29b-41d4-a716-446655440124', '140e8400-e29b-41d4-a716-446655440127', 'Social media impact on society', TRUE, 1, 'Main focus of passage', 1.00),
('150e8400-e29b-41d4-a716-446655440125', '140e8400-e29b-41d4-a716-446655440127', 'Technology development', FALSE, 2, 'Too broad', 0.00),
('150e8400-e29b-41d4-a716-446655440126', '140e8400-e29b-41d4-a716-446655440127', 'Mental health treatment', FALSE, 3, 'Only one aspect', 0.00),
('150e8400-e29b-41d4-a716-446655440127', '140e8400-e29b-41d4-a716-446655440127', 'Privacy laws', FALSE, 4, 'Not the main focus', 0.00),
-- Options for question 128
('150e8400-e29b-41d4-a716-446655440128', '140e8400-e29b-41d4-a716-446655440128', 'Connected billions of people worldwide', TRUE, 1, 'Directly stated', 1.00),
('150e8400-e29b-41d4-a716-446655440129', '140e8400-e29b-41d4-a716-446655440128', 'Improved physical health', FALSE, 2, 'Not mentioned', 0.00),
('150e8400-e29b-41d4-a716-446655440130', '140e8400-e29b-41d4-a716-446655440128', 'Reduced communication', FALSE, 3, 'Contradicts passage', 0.00),
('150e8400-e29b-41d4-a716-446655440131', '140e8400-e29b-41d4-a716-446655440128', 'Eliminated misinformation', FALSE, 4, 'Contradicts passage', 0.00),
-- Options for question 129
('150e8400-e29b-41d4-a716-446655440132', '140e8400-e29b-41d4-a716-446655440129', 'Privacy and mental health issues', TRUE, 1, 'Directly mentioned', 1.00),
('150e8400-e29b-41d4-a716-446655440133', '140e8400-e29b-41d4-a716-446655440129', 'Economic problems', FALSE, 2, 'Not mentioned', 0.00),
('150e8400-e29b-41d4-a716-446655440134', '140e8400-e29b-41d4-a716-446655440129', 'Environmental issues', FALSE, 3, 'Not mentioned', 0.00),
('150e8400-e29b-41d4-a716-446655440135', '140e8400-e29b-41d4-a716-446655440129', 'Educational concerns', FALSE, 4, 'Not a concern', 0.00),
-- Options for question 130
('150e8400-e29b-41d4-a716-446655440136', '140e8400-e29b-41d4-a716-446655440130', 'Anxiety and depression', TRUE, 1, 'Directly stated', 1.00),
('150e8400-e29b-41d4-a716-446655440137', '140e8400-e29b-41d4-a716-446655440130', 'Physical illness', FALSE, 2, 'Not mentioned', 0.00),
('150e8400-e29b-41d4-a716-446655440138', '140e8400-e29b-41d4-a716-446655440130', 'Sleep disorders only', FALSE, 3, 'Not mentioned', 0.00),
('150e8400-e29b-41d4-a716-446655440139', '140e8400-e29b-41d4-a716-446655440130', 'Memory loss', FALSE, 4, 'Not mentioned', 0.00),
-- Options for question 131
('150e8400-e29b-41d4-a716-446655440140', '140e8400-e29b-41d4-a716-446655440131', 'Young people', TRUE, 1, 'Directly stated', 1.00),
('150e8400-e29b-41d4-a716-446655440141', '140e8400-e29b-41d4-a716-446655440131', 'Elderly people', FALSE, 2, 'Not mentioned', 0.00),
('150e8400-e29b-41d4-a716-446655440142', '140e8400-e29b-41d4-a716-446655440131', 'All age groups equally', FALSE, 3, 'Not stated', 0.00),
('150e8400-e29b-41d4-a716-446655440143', '140e8400-e29b-41d4-a716-446655440131', 'Middle-aged adults', FALSE, 4, 'Not mentioned', 0.00),
-- Options for question 132
('150e8400-e29b-41d4-a716-446655440144', '140e8400-e29b-41d4-a716-446655440132', 'Education, activism, and community building', TRUE, 1, 'Directly stated', 1.00),
('150e8400-e29b-41d4-a716-446655440145', '140e8400-e29b-41d4-a716-446655440132', 'Business only', FALSE, 2, 'Too narrow', 0.00),
('150e8400-e29b-41d4-a716-446655440146', '140e8400-e29b-41d4-a716-446655440132', 'Entertainment only', FALSE, 3, 'Not mentioned', 0.00),
('150e8400-e29b-41d4-a716-446655440147', '140e8400-e29b-41d4-a716-446655440132', 'Shopping only', FALSE, 4, 'Not mentioned', 0.00),
-- Options for question 133
('150e8400-e29b-41d4-a716-446655440148', '140e8400-e29b-41d4-a716-446655440133', 'Both positive and negative', TRUE, 1, 'Implied in passage', 1.00),
('150e8400-e29b-41d4-a716-446655440149', '140e8400-e29b-41d4-a716-446655440133', 'Only positive', FALSE, 2, 'Contradicts passage', 0.00),
('150e8400-e29b-41d4-a716-446655440150', '140e8400-e29b-41d4-a716-446655440133', 'Only negative', FALSE, 3, 'Contradicts passage', 0.00),
('150e8400-e29b-41d4-a716-446655440151', '140e8400-e29b-41d4-a716-446655440133', 'Neutral', FALSE, 4, 'Not stated', 0.00),
-- Options for question 134
('150e8400-e29b-41d4-a716-446655440152', '140e8400-e29b-41d4-a716-446655440134', 'Physical health problems', TRUE, 1, 'Not mentioned as concern', 1.00),
('150e8400-e29b-41d4-a716-446655440153', '140e8400-e29b-41d4-a716-446655440134', 'Privacy', FALSE, 2, 'Mentioned as concern', 0.00),
('150e8400-e29b-41d4-a716-446655440154', '140e8400-e29b-41d4-a716-446655440134', 'Mental health', FALSE, 3, 'Mentioned as concern', 0.00),
('150e8400-e29b-41d4-a716-446655440155', '140e8400-e29b-41d4-a716-446655440134', 'Misinformation', FALSE, 4, 'Mentioned as concern', 0.00);

-- Insert questions for Listening Test (Section 1 - Questions 1-10)
INSERT INTO questions (id, exercise_id, question_group_id, question_text, question_type, image_url, audio_url, audio_duration, reading_passage, explanation, points, ordering, question_group) VALUES
-- Listening Section 1: Multiple choice (1-10)
('140e8400-e29b-41d4-a716-446655440140', '130e8400-e29b-41d4-a716-446655440103', '160e8400-e29b-41d4-a716-446655440106', 'What is the student looking for?', 'multiple_choice', NULL, '/test/listening_section1.mp3', 600, NULL, '{"correct_answer": "University accommodation"}', 1.00, 1, 'Section 1'),
('140e8400-e29b-41d4-a716-446655440141', '130e8400-e29b-41d4-a716-446655440103', '160e8400-e29b-41d4-a716-446655440106', 'What type of accommodation does the student prefer?', 'multiple_choice', NULL, '/test/listening_section1.mp3', 600, NULL, '{"correct_answer": "Shared apartment"}', 1.00, 2, 'Section 1'),
('140e8400-e29b-41d4-a716-446655440142', '130e8400-e29b-41d4-a716-446655440103', '160e8400-e29b-41d4-a716-446655440106', 'What is the maximum rent the student can afford?', 'multiple_choice', NULL, '/test/listening_section1.mp3', 600, NULL, '{"correct_answer": "500 pounds per month"}', 1.00, 3, 'Section 1'),
('140e8400-e29b-41d4-a716-446655440143', '130e8400-e29b-41d4-a716-446655440103', '160e8400-e29b-41d4-a716-446655440106', 'When does the student need to move in?', 'multiple_choice', NULL, '/test/listening_section1.mp3', 600, NULL, '{"correct_answer": "Next month"}', 1.00, 4, 'Section 1'),
('140e8400-e29b-41d4-a716-446655440144', '130e8400-e29b-41d4-a716-446655440103', '160e8400-e29b-41d4-a716-446655440106', 'What facilities are important to the student?', 'multiple_choice', NULL, '/test/listening_section1.mp3', 600, NULL, '{"correct_answer": "Internet and laundry"}', 1.00, 5, 'Section 1'),
('140e8400-e29b-41d4-a716-446655440145', '130e8400-e29b-41d4-a716-446655440103', '160e8400-e29b-41d4-a716-446655440106', 'Complete: The student''s contact number is _____.', 'fill_blank', NULL, '/test/listening_section1.mp3', 600, NULL, '{"correct_answer": "07123456789"}', 1.00, 6, 'Section 1'),
('140e8400-e29b-41d4-a716-446655440146', '130e8400-e29b-41d4-a716-446655440103', '160e8400-e29b-41d4-a716-446655440106', 'Complete: The student''s email address ends with _____.', 'fill_blank', NULL, '/test/listening_section1.mp3', 600, NULL, '{"correct_answer": "@university.ac.uk"}', 1.00, 7, 'Section 1'),
('140e8400-e29b-41d4-a716-446655440147', '130e8400-e29b-41d4-a716-446655440103', '160e8400-e29b-41d4-a716-446655440106', 'Complete: The accommodation office is located on _____ Street.', 'fill_blank', NULL, '/test/listening_section1.mp3', 600, NULL, '{"correct_answer": "Main"}', 1.00, 8, 'Section 1'),
('140e8400-e29b-41d4-a716-446655440148', '130e8400-e29b-41d4-a716-446655440103', '160e8400-e29b-41d4-a716-446655440106', 'Complete: The office is open from _____ to 5pm.', 'fill_blank', NULL, '/test/listening_section1.mp3', 600, NULL, '{"correct_answer": "9am"}', 1.00, 9, 'Section 1'),
('140e8400-e29b-41d4-a716-446655440149', '130e8400-e29b-41d4-a716-446655440103', '160e8400-e29b-41d4-a716-446655440106', 'Complete: The student should bring a _____ when visiting the office.', 'fill_blank', NULL, '/test/listening_section1.mp3', 600, NULL, '{"correct_answer": "student ID"}', 1.00, 10, 'Section 1');

-- Insert question options for Listening Section 1 (Multiple choice questions 1-5)
INSERT INTO question_options (id, question_id, option_text, is_correct, ordering, explanation, point) VALUES
-- Options for question 140
('150e8400-e29b-41d4-a716-446655440156', '140e8400-e29b-41d4-a716-446655440140', 'University accommodation', TRUE, 1, 'Correct answer', 1.00),
('150e8400-e29b-41d4-a716-446655440157', '140e8400-e29b-41d4-a716-446655440140', 'Part-time job', FALSE, 2, 'Not mentioned', 0.00),
('150e8400-e29b-41d4-a716-446655440158', '140e8400-e29b-41d4-a716-446655440140', 'Course information', FALSE, 3, 'Not mentioned', 0.00),
('150e8400-e29b-41d4-a716-446655440159', '140e8400-e29b-41d4-a716-446655440140', 'Library access', FALSE, 4, 'Not mentioned', 0.00),
-- Options for question 141
('150e8400-e29b-41d4-a716-446655440160', '140e8400-e29b-41d4-a716-446655440141', 'Shared apartment', TRUE, 1, 'Correct answer', 1.00),
('150e8400-e29b-41d4-a716-446655440161', '140e8400-e29b-41d4-a716-446655440141', 'Single room', FALSE, 2, 'Not preferred', 0.00),
('150e8400-e29b-41d4-a716-446655440162', '140e8400-e29b-41d4-a716-446655440141', 'Studio flat', FALSE, 3, 'Not mentioned', 0.00),
('150e8400-e29b-41d4-a716-446655440163', '140e8400-e29b-41d4-a716-446655440141', 'Family house', FALSE, 4, 'Not mentioned', 0.00),
-- Options for question 142
('150e8400-e29b-41d4-a716-446655440164', '140e8400-e29b-41d4-a716-446655440142', '500 pounds per month', TRUE, 1, 'Correct answer', 1.00),
('150e8400-e29b-41d4-a716-446655440165', '140e8400-e29b-41d4-a716-446655440142', '400 pounds per month', FALSE, 2, 'Too low', 0.00),
('150e8400-e29b-41d4-a716-446655440166', '140e8400-e29b-41d4-a716-446655440142', '600 pounds per month', FALSE, 3, 'Too high', 0.00),
('150e8400-e29b-41d4-a716-446655440167', '140e8400-e29b-41d4-a716-446655440142', '700 pounds per month', FALSE, 4, 'Too high', 0.00),
-- Options for question 143
('150e8400-e29b-41d4-a716-446655440168', '140e8400-e29b-41d4-a716-446655440143', 'Next month', TRUE, 1, 'Correct answer', 1.00),
('150e8400-e29b-41d4-a716-446655440169', '140e8400-e29b-41d4-a716-446655440143', 'This month', FALSE, 2, 'Not mentioned', 0.00),
('150e8400-e29b-41d4-a716-446655440170', '140e8400-e29b-41d4-a716-446655440143', 'In two months', FALSE, 3, 'Not mentioned', 0.00),
('150e8400-e29b-41d4-a716-446655440171', '140e8400-e29b-41d4-a716-446655440143', 'Next week', FALSE, 4, 'Not mentioned', 0.00),
-- Options for question 144
('150e8400-e29b-41d4-a716-446655440172', '140e8400-e29b-41d4-a716-446655440144', 'Internet and laundry', TRUE, 1, 'Correct answer', 1.00),
('150e8400-e29b-41d4-a716-446655440173', '140e8400-e29b-41d4-a716-446655440144', 'Gym and pool', FALSE, 2, 'Not mentioned', 0.00),
('150e8400-e29b-41d4-a716-446655440174', '140e8400-e29b-41d4-a716-446655440144', 'Parking and garden', FALSE, 3, 'Not mentioned', 0.00),
('150e8400-e29b-41d4-a716-446655440175', '140e8400-e29b-41d4-a716-446655440144', 'Kitchen and bathroom', FALSE, 4, 'Too basic', 0.00);

-- Insert questions for Listening Test (Section 2 - Questions 11-20)
INSERT INTO questions (id, exercise_id, question_group_id, question_text, question_type, image_url, audio_url, audio_duration, reading_passage, explanation, points, ordering, question_group) VALUES
-- Listening Section 2: Fill in the blank (11-20)
('140e8400-e29b-41d4-a716-446655440150', '130e8400-e29b-41d4-a716-446655440104', '160e8400-e29b-41d4-a716-446655440107', 'Complete: The museum was established in _____.', 'fill_blank', NULL, '/test/listening_section2.mp3', 600, NULL, '{"correct_answer": "1925"}', 1.00, 11, 'Section 2'),
('140e8400-e29b-41d4-a716-446655440151', '130e8400-e29b-41d4-a716-446655440104', '160e8400-e29b-41d4-a716-446655440107', 'Complete: The museum is open from _____ to 6pm.', 'fill_blank', NULL, '/test/listening_section2.mp3', 600, NULL, '{"correct_answer": "10am"}', 1.00, 12, 'Section 2'),
('140e8400-e29b-41d4-a716-446655440152', '130e8400-e29b-41d4-a716-446655440104', '160e8400-e29b-41d4-a716-446655440107', 'Complete: Admission is free for children under _____.', 'fill_blank', NULL, '/test/listening_section2.mp3', 600, NULL, '{"correct_answer": "12"}', 1.00, 13, 'Section 2'),
('140e8400-e29b-41d4-a716-446655440153', '130e8400-e29b-41d4-a716-446655440104', '160e8400-e29b-41d4-a716-446655440107', 'Complete: The museum has _____ exhibition halls.', 'fill_blank', NULL, '/test/listening_section2.mp3', 600, NULL, '{"correct_answer": "five"}', 1.00, 14, 'Section 2'),
('140e8400-e29b-41d4-a716-446655440154', '130e8400-e29b-41d4-a716-446655440104', '160e8400-e29b-41d4-a716-446655440107', 'Complete: The gift shop is located on the _____ floor.', 'fill_blank', NULL, '/test/listening_section2.mp3', 600, NULL, '{"correct_answer": "ground"}', 1.00, 15, 'Section 2'),
('140e8400-e29b-41d4-a716-446655440155', '130e8400-e29b-41d4-a716-446655440104', '160e8400-e29b-41d4-a716-446655440107', 'Complete: Guided tours are available at _____ pm.', 'fill_blank', NULL, '/test/listening_section2.mp3', 600, NULL, '{"correct_answer": "2"}', 1.00, 16, 'Section 2'),
('140e8400-e29b-41d4-a716-446655440156', '130e8400-e29b-41d4-a716-446655440104', '160e8400-e29b-41d4-a716-446655440107', 'Complete: The caf serves _____ and light meals.', 'fill_blank', NULL, '/test/listening_section2.mp3', 600, NULL, '{"correct_answer": "coffee"}', 1.00, 17, 'Section 2'),
('140e8400-e29b-41d4-a716-446655440157', '130e8400-e29b-41d4-a716-446655440104', '160e8400-e29b-41d4-a716-446655440107', 'Complete: Parking is available for up to _____ cars.', 'fill_blank', NULL, '/test/listening_section2.mp3', 600, NULL, '{"correct_answer": "50"}', 1.00, 18, 'Section 2'),
('140e8400-e29b-41d4-a716-446655440158', '130e8400-e29b-41d4-a716-446655440104', '160e8400-e29b-41d4-a716-446655440107', 'Complete: The museum can be reached by bus number _____.', 'fill_blank', NULL, '/test/listening_section2.mp3', 600, NULL, '{"correct_answer": "42"}', 1.00, 19, 'Section 2'),
('140e8400-e29b-41d4-a716-446655440159', '130e8400-e29b-41d4-a716-446655440104', '160e8400-e29b-41d4-a716-446655440107', 'Complete: Special events are held on _____ evenings.', 'fill_blank', NULL, '/test/listening_section2.mp3', 600, NULL, '{"correct_answer": "Friday"}', 1.00, 20, 'Section 2');

-- Insert questions for Listening Test (Section 3 - Questions 21-30)
INSERT INTO questions (id, exercise_id, question_group_id, question_text, question_type, image_url, audio_url, audio_duration, reading_passage, explanation, points, ordering, question_group) VALUES
-- Listening Section 3: Multiple choice (21-30)
('140e8400-e29b-41d4-a716-446655440160', '130e8400-e29b-41d4-a716-446655440105', '160e8400-e29b-41d4-a716-446655440108', 'What is the main topic of the conversation?', 'multiple_choice', NULL, '/test/listening_section3.mp3', 600, NULL, '{"correct_answer": "Research project methodology"}', 1.00, 21, 'Section 3'),
('140e8400-e29b-41d4-a716-446655440161', '130e8400-e29b-41d4-a716-446655440105', '160e8400-e29b-41d4-a716-446655440108', 'What research method do they decide to use?', 'multiple_choice', NULL, '/test/listening_section3.mp3', 600, NULL, '{"correct_answer": "Questionnaire survey"}', 1.00, 22, 'Section 3'),
('140e8400-e29b-41d4-a716-446655440162', '130e8400-e29b-41d4-a716-446655440105', '160e8400-e29b-41d4-a716-446655440108', 'How many participants do they need?', 'multiple_choice', NULL, '/test/listening_section3.mp3', 600, NULL, '{"correct_answer": "At least 100"}', 1.00, 23, 'Section 3'),
('140e8400-e29b-41d4-a716-446655440163', '130e8400-e29b-41d4-a716-446655440105', '160e8400-e29b-41d4-a716-446655440108', 'When should the research be completed?', 'multiple_choice', NULL, '/test/listening_section3.mp3', 600, NULL, '{"correct_answer": "By the end of the semester"}', 1.00, 24, 'Section 3'),
('140e8400-e29b-41d4-a716-446655440164', '130e8400-e29b-41d4-a716-446655440105', '160e8400-e29b-41d4-a716-446655440108', 'What software will they use for data analysis?', 'multiple_choice', NULL, '/test/listening_section3.mp3', 600, NULL, '{"correct_answer": "SPSS"}', 1.00, 25, 'Section 3'),
('140e8400-e29b-41d4-a716-446655440165', '130e8400-e29b-41d4-a716-446655440105', '160e8400-e29b-41d4-a716-446655440108', 'Who will be responsible for writing the report?', 'multiple_choice', NULL, '/test/listening_section3.mp3', 600, NULL, '{"correct_answer": "Both students together"}', 1.00, 26, 'Section 3'),
('140e8400-e29b-41d4-a716-446655440166', '130e8400-e29b-41d4-a716-446655440105', '160e8400-e29b-41d4-a716-446655440108', 'What is the main challenge they face?', 'multiple_choice', NULL, '/test/listening_section3.mp3', 600, NULL, '{"correct_answer": "Finding enough participants"}', 1.00, 27, 'Section 3'),
('140e8400-e29b-41d4-a716-446655440167', '130e8400-e29b-41d4-a716-446655440105', '160e8400-e29b-41d4-a716-446655440108', 'Where will they distribute the questionnaires?', 'multiple_choice', NULL, '/test/listening_section3.mp3', 600, NULL, '{"correct_answer": "University library and online"}', 1.00, 28, 'Section 3'),
('140e8400-e29b-41d4-a716-446655440168', '130e8400-e29b-41d4-a716-446655440105', '160e8400-e29b-41d4-a716-446655440108', 'What ethical consideration do they discuss?', 'multiple_choice', NULL, '/test/listening_section3.mp3', 600, NULL, '{"correct_answer": "Participant confidentiality"}', 1.00, 29, 'Section 3'),
('140e8400-e29b-41d4-a716-446655440169', '130e8400-e29b-41d4-a716-446655440105', '160e8400-e29b-41d4-a716-446655440108', 'When is their next meeting scheduled?', 'multiple_choice', NULL, '/test/listening_section3.mp3', 600, NULL, '{"correct_answer": "Next Tuesday"}', 1.00, 30, 'Section 3');

-- Insert questions for Listening Test (Section 4 - Questions 31-40)
INSERT INTO questions (id, exercise_id, question_group_id, question_text, question_type, image_url, audio_url, audio_duration, reading_passage, explanation, points, ordering, question_group) VALUES
-- Listening Section 4: Fill in the blank (31-40)
('140e8400-e29b-41d4-a716-446655440170', '130e8400-e29b-41d4-a716-446655440106', '160e8400-e29b-41d4-a716-446655440109', 'Complete: Marine biology studies _____ and their ecosystems.', 'fill_blank', NULL, '/test/listening_section4.mp3', 600, NULL, '{"correct_answer": "ocean life"}', 1.00, 31, 'Section 4'),
('140e8400-e29b-41d4-a716-446655440171', '130e8400-e29b-41d4-a716-446655440106', '160e8400-e29b-41d4-a716-446655440109', 'Complete: Coral reefs are home to _____ of marine species.', 'fill_blank', NULL, '/test/listening_section4.mp3', 600, NULL, '{"correct_answer": "thousands"}', 1.00, 32, 'Section 4'),
('140e8400-e29b-41d4-a716-446655440172', '130e8400-e29b-41d4-a716-446655440106', '160e8400-e29b-41d4-a716-446655440109', 'Complete: Ocean pollution affects _____ of marine animals.', 'fill_blank', NULL, '/test/listening_section4.mp3', 600, NULL, '{"correct_answer": "millions"}', 1.00, 33, 'Section 4'),
('140e8400-e29b-41d4-a716-446655440173', '130e8400-e29b-41d4-a716-446655440106', '160e8400-e29b-41d4-a716-446655440109', 'Complete: Conservation efforts focus on protecting _____ habitats.', 'fill_blank', NULL, '/test/listening_section4.mp3', 600, NULL, '{"correct_answer": "marine"}', 1.00, 34, 'Section 4'),
('140e8400-e29b-41d4-a716-446655440174', '130e8400-e29b-41d4-a716-446655440106', '160e8400-e29b-41d4-a716-446655440109', 'Complete: Overfishing has led to a decline in fish _____.', 'fill_blank', NULL, '/test/listening_section4.mp3', 600, NULL, '{"correct_answer": "populations"}', 1.00, 35, 'Section 4'),
('140e8400-e29b-41d4-a716-446655440175', '130e8400-e29b-41d4-a716-446655440106', '160e8400-e29b-41d4-a716-446655440109', 'Complete: Marine protected areas cover _____ of the ocean.', 'fill_blank', NULL, '/test/listening_section4.mp3', 600, NULL, '{"correct_answer": "less than 5%"}', 1.00, 36, 'Section 4'),
('140e8400-e29b-41d4-a716-446655440176', '130e8400-e29b-41d4-a716-446655440106', '160e8400-e29b-41d4-a716-446655440109', 'Complete: Climate change causes ocean _____ to rise.', 'fill_blank', NULL, '/test/listening_section4.mp3', 600, NULL, '{"correct_answer": "temperature"}', 1.00, 37, 'Section 4'),
('140e8400-e29b-41d4-a716-446655440177', '130e8400-e29b-41d4-a716-446655440106', '160e8400-e29b-41d4-a716-446655440109', 'Complete: Scientists use _____ to monitor marine ecosystems.', 'fill_blank', NULL, '/test/listening_section4.mp3', 600, NULL, '{"correct_answer": "satellite technology"}', 1.00, 38, 'Section 4'),
('140e8400-e29b-41d4-a716-446655440178', '130e8400-e29b-41d4-a716-446655440106', '160e8400-e29b-41d4-a716-446655440109', 'Complete: Sustainable fishing practices help preserve ocean _____.', 'fill_blank', NULL, '/test/listening_section4.mp3', 600, NULL, '{"correct_answer": "biodiversity"}', 1.00, 39, 'Section 4'),
('140e8400-e29b-41d4-a716-446655440179', '130e8400-e29b-41d4-a716-446655440106', '160e8400-e29b-41d4-a716-446655440109', 'Complete: Public awareness is crucial for ocean _____.', 'fill_blank', NULL, '/test/listening_section4.mp3', 600, NULL, '{"correct_answer": "conservation"}', 1.00, 40, 'Section 4');

-- Insert question options for Listening Section 3 (Multiple choice questions 21-30)
INSERT INTO question_options (id, question_id, option_text, is_correct, ordering, explanation, point) VALUES
-- Options for question 160
('150e8400-e29b-41d4-a716-446655440176', '140e8400-e29b-41d4-a716-446655440160', 'Research project methodology', TRUE, 1, 'Main topic', 1.00),
('150e8400-e29b-41d4-a716-446655440177', '140e8400-e29b-41d4-a716-446655440160', 'University courses', FALSE, 2, 'Not mentioned', 0.00),
('150e8400-e29b-41d4-a716-446655440178', '140e8400-e29b-41d4-a716-446655440160', 'Job applications', FALSE, 3, 'Not mentioned', 0.00),
('150e8400-e29b-41d4-a716-446655440179', '140e8400-e29b-41d4-a716-446655440160', 'Exam preparation', FALSE, 4, 'Not mentioned', 0.00),
-- Options for question 161
('150e8400-e29b-41d4-a716-446655440180', '140e8400-e29b-41d4-a716-446655440161', 'Questionnaire survey', TRUE, 1, 'Correct method', 1.00),
('150e8400-e29b-41d4-a716-446655440181', '140e8400-e29b-41d4-a716-446655440161', 'Laboratory experiments', FALSE, 2, 'Not chosen', 0.00),
('150e8400-e29b-41d4-a716-446655440182', '140e8400-e29b-41d4-a716-446655440161', 'Field observations', FALSE, 3, 'Not chosen', 0.00),
('150e8400-e29b-41d4-a716-446655440183', '140e8400-e29b-41d4-a716-446655440161', 'Case studies', FALSE, 4, 'Not chosen', 0.00),
-- Options for question 162
('150e8400-e29b-41d4-a716-446655440184', '140e8400-e29b-41d4-a716-446655440162', 'At least 100', TRUE, 1, 'Correct number', 1.00),
('150e8400-e29b-41d4-a716-446655440185', '140e8400-e29b-41d4-a716-446655440162', 'At least 50', FALSE, 2, 'Too few', 0.00),
('150e8400-e29b-41d4-a716-446655440186', '140e8400-e29b-41d4-a716-446655440162', 'At least 200', FALSE, 3, 'Too many', 0.00),
('150e8400-e29b-41d4-a716-446655440187', '140e8400-e29b-41d4-a716-446655440162', 'At least 150', FALSE, 4, 'Not mentioned', 0.00),
-- Options for question 163
('150e8400-e29b-41d4-a716-446655440188', '140e8400-e29b-41d4-a716-446655440163', 'By the end of the semester', TRUE, 1, 'Correct deadline', 1.00),
('150e8400-e29b-41d4-a716-446655440189', '140e8400-e29b-41d4-a716-446655440163', 'Next month', FALSE, 2, 'Too soon', 0.00),
('150e8400-e29b-41d4-a716-446655440190', '140e8400-e29b-41d4-a716-446655440163', 'Next year', FALSE, 3, 'Too late', 0.00),
('150e8400-e29b-41d4-a716-446655440191', '140e8400-e29b-41d4-a716-446655440163', 'In two weeks', FALSE, 4, 'Not mentioned', 0.00),
-- Options for question 164
('150e8400-e29b-41d4-a716-446655440192', '140e8400-e29b-41d4-a716-446655440164', 'SPSS', TRUE, 1, 'Correct software', 1.00),
('150e8400-e29b-41d4-a716-446655440193', '140e8400-e29b-41d4-a716-446655440164', 'Excel', FALSE, 2, 'Not mentioned', 0.00),
('150e8400-e29b-41d4-a716-446655440194', '140e8400-e29b-41d4-a716-446655440164', 'Python', FALSE, 3, 'Not mentioned', 0.00),
('150e8400-e29b-41d4-a716-446655440195', '140e8400-e29b-41d4-a716-446655440164', 'Word', FALSE, 4, 'Not mentioned', 0.00),
-- Options for question 165
('150e8400-e29b-41d4-a716-446655440196', '140e8400-e29b-41d4-a716-446655440165', 'Both students together', TRUE, 1, 'Correct answer', 1.00),
('150e8400-e29b-41d4-a716-446655440197', '140e8400-e29b-41d4-a716-446655440165', 'Student A only', FALSE, 2, 'Not mentioned', 0.00),
('150e8400-e29b-41d4-a716-446655440198', '140e8400-e29b-41d4-a716-446655440165', 'Student B only', FALSE, 3, 'Not mentioned', 0.00),
('150e8400-e29b-41d4-a716-446655440199', '140e8400-e29b-41d4-a716-446655440165', 'Their supervisor', FALSE, 4, 'Not mentioned', 0.00),
-- Options for question 166
('150e8400-e29b-41d4-a716-446655440200', '140e8400-e29b-41d4-a716-446655440166', 'Finding enough participants', TRUE, 1, 'Main challenge', 1.00),
('150e8400-e29b-41d4-a716-446655440201', '140e8400-e29b-41d4-a716-446655440166', 'Lack of funding', FALSE, 2, 'Not mentioned', 0.00),
('150e8400-e29b-41d4-a716-446655440202', '140e8400-e29b-41d4-a716-446655440166', 'Time constraints', FALSE, 3, 'Not the main challenge', 0.00),
('150e8400-e29b-41d4-a716-446655440203', '140e8400-e29b-41d4-a716-446655440166', 'Technical difficulties', FALSE, 4, 'Not mentioned', 0.00),
-- Options for question 167
('150e8400-e29b-41d4-a716-446655440204', '140e8400-e29b-41d4-a716-446655440167', 'University library and online', TRUE, 1, 'Correct locations', 1.00),
('150e8400-e29b-41d4-a716-446655440205', '140e8400-e29b-41d4-a716-446655440167', 'Only online', FALSE, 2, 'Too narrow', 0.00),
('150e8400-e29b-41d4-a716-446655440206', '140e8400-e29b-41d4-a716-446655440167', 'Only on campus', FALSE, 3, 'Too narrow', 0.00),
('150e8400-e29b-41d4-a716-446655440207', '140e8400-e29b-41d4-a716-446655440167', 'Shopping centers', FALSE, 4, 'Not mentioned', 0.00),
-- Options for question 168
('150e8400-e29b-41d4-a716-446655440208', '140e8400-e29b-41d4-a716-446655440168', 'Participant confidentiality', TRUE, 1, 'Correct consideration', 1.00),
('150e8400-e29b-41d4-a716-446655440209', '140e8400-e29b-41d4-a716-446655440168', 'Data storage', FALSE, 2, 'Not the main concern', 0.00),
('150e8400-e29b-41d4-a716-446655440210', '140e8400-e29b-41d4-a716-446655440168', 'Report formatting', FALSE, 3, 'Not mentioned', 0.00),
('150e8400-e29b-41d4-a716-446655440211', '140e8400-e29b-41d4-a716-446655440168', 'Time management', FALSE, 4, 'Not mentioned', 0.00),
-- Options for question 169
('150e8400-e29b-41d4-a716-446655440212', '140e8400-e29b-41d4-a716-446655440169', 'Next Tuesday', TRUE, 1, 'Correct date', 1.00),
('150e8400-e29b-41d4-a716-446655440213', '140e8400-e29b-41d4-a716-446655440169', 'Next Monday', FALSE, 2, 'Not mentioned', 0.00),
('150e8400-e29b-41d4-a716-446655440214', '140e8400-e29b-41d4-a716-446655440169', 'Next Wednesday', FALSE, 3, 'Not mentioned', 0.00),
('150e8400-e29b-41d4-a716-446655440215', '140e8400-e29b-41d4-a716-446655440169', 'This Friday', FALSE, 4, 'Not mentioned', 0.00);

-- Insert question groups for Writing Test (Task 1 and Task 2)
INSERT INTO question_groups (id, exercise_id, image_url, group_title, group_instruction, passage_reference, question_type, ordering, question_range, correct_answer_count) VALUES
-- Writing Task 1
('160e8400-e29b-41d4-a716-446655440110', '130e8400-e29b-41d4-a716-446655440107', '/test/image.jpg', 'Task 1', 'Write a 150-word report describing the bar chart showing internet access in five countries from 2000 to 2020', NULL, 'essay', 1, '1', 1),
-- Writing Task 2
('160e8400-e29b-41d4-a716-446655440111', '130e8400-e29b-41d4-a716-446655440108', NULL, 'Task 2', 'Write a 250-word essay discussing both views on free university education and give your own opinion', NULL, 'essay', 1, '2', 1);

-- Insert questions for Writing Test
INSERT INTO questions (id, exercise_id, question_group_id, question_text, question_type, image_url, audio_url, audio_duration, reading_passage, explanation, points, ordering, question_group) VALUES
-- Writing Task 1
('140e8400-e29b-41d4-a716-446655440180', '130e8400-e29b-41d4-a716-446655440107', '160e8400-e29b-41d4-a716-446655440110', 'The bar chart shows the percentage of households with internet access in five countries from 2000 to 2020. Summarize the information by selecting and reporting the main features, and make comparisons where relevant.', 'essay', '/test/image.jpg', NULL, NULL, NULL, '{"word_count": 150, "criteria": "Task achievement, Coherence and cohesion, Lexical resource, Grammatical range and accuracy"}', 0.00, 1, 'Task 1'),
-- Writing Task 2
('140e8400-e29b-41d4-a716-446655440181', '130e8400-e29b-41d4-a716-446655440108', '160e8400-e29b-41d4-a716-446655440111', 'Some people believe that university education should be free for all students, while others argue that students should pay for their own education. Discuss both views and give your own opinion.', 'essay', NULL, NULL, NULL, NULL, '{"word_count": 250, "criteria": "Task response, Coherence and cohesion, Lexical resource, Grammatical range and accuracy"}', 0.00, 1, 'Task 2');

-- Insert question groups for Speaking Test (Part 1, 2, 3)
INSERT INTO question_groups (id, exercise_id, image_url, group_title, group_instruction, passage_reference, question_type, ordering, question_range, correct_answer_count) VALUES
-- Speaking Part 1
('160e8400-e29b-41d4-a716-446655440112', '130e8400-e29b-41d4-a716-446655440109', NULL, 'Part 1: Introduction and Interview', 'Answer personal questions about yourself and familiar topics', NULL, 'speaking', 1, '1-4', 4),
-- Speaking Part 2
('160e8400-e29b-41d4-a716-446655440113', '130e8400-e29b-41d4-a716-446655440110', NULL, 'Part 2: Long Turn', 'Speak for 2 minutes about a place you would like to visit', NULL, 'speaking', 1, '2', 1),
-- Speaking Part 3
('160e8400-e29b-41d4-a716-446655440114', '130e8400-e29b-41d4-a716-446655440111', NULL, 'Part 3: Discussion', 'Discuss abstract topics related to travel and tourism', NULL, 'speaking', 1, '3-5', 3);

-- Insert questions for Speaking Test
INSERT INTO questions (id, exercise_id, question_group_id, question_text, question_type, image_url, audio_url, audio_duration, reading_passage, explanation, points, ordering, question_group) VALUES
-- Speaking Part 1
('140e8400-e29b-41d4-a716-446655440182', '130e8400-e29b-41d4-a716-446655440109', '160e8400-e29b-41d4-a716-446655440112', 'What is your full name?', 'speaking', NULL, NULL, NULL, NULL, '{"criteria": "Fluency and coherence, Lexical resource, Grammatical range and accuracy, Pronunciation"}', 0.00, 1, 'Part 1'),
('140e8400-e29b-41d4-a716-446655440183', '130e8400-e29b-41d4-a716-446655440109', '160e8400-e29b-41d4-a716-446655440112', 'Where are you from?', 'speaking', NULL, NULL, NULL, NULL, '{"criteria": "Fluency and coherence, Lexical resource, Grammatical range and accuracy, Pronunciation"}', 0.00, 2, 'Part 1'),
('140e8400-e29b-41d4-a716-446655440184', '130e8400-e29b-41d4-a716-446655440109', '160e8400-e29b-41d4-a716-446655440112', 'Do you work or study?', 'speaking', NULL, NULL, NULL, NULL, '{"criteria": "Fluency and coherence, Lexical resource, Grammatical range and accuracy, Pronunciation"}', 0.00, 3, 'Part 1'),
('140e8400-e29b-41d4-a716-446655440185', '130e8400-e29b-41d4-a716-446655440109', '160e8400-e29b-41d4-a716-446655440112', 'What do you like about your hometown?', 'speaking', NULL, NULL, NULL, NULL, '{"criteria": "Fluency and coherence, Lexical resource, Grammatical range and accuracy, Pronunciation"}', 0.00, 4, 'Part 1'),
-- Speaking Part 2
('140e8400-e29b-41d4-a716-446655440186', '130e8400-e29b-41d4-a716-446655440110', '160e8400-e29b-41d4-a716-446655440113', 'Describe a place you would like to visit. You should say: where this place is, what you know about it, what you would like to do there, and explain why you would like to visit it.', 'speaking', NULL, NULL, NULL, NULL, '{"time_limit": 120, "preparation_time": 60, "criteria": "Fluency and coherence, Lexical resource, Grammatical range and accuracy, Pronunciation"}', 0.00, 1, 'Part 2'),
-- Speaking Part 3
('140e8400-e29b-41d4-a716-446655440187', '130e8400-e29b-41d4-a716-446655440111', '160e8400-e29b-41d4-a716-446655440114', 'How has tourism changed in recent years?', 'speaking', NULL, NULL, NULL, NULL, '{"criteria": "Fluency and coherence, Lexical resource, Grammatical range and accuracy, Pronunciation"}', 0.00, 1, 'Part 3'),
('140e8400-e29b-41d4-a716-446655440188', '130e8400-e29b-41d4-a716-446655440111', '160e8400-e29b-41d4-a716-446655440114', 'What are the benefits and drawbacks of tourism?', 'speaking', NULL, NULL, NULL, NULL, '{"criteria": "Fluency and coherence, Lexical resource, Grammatical range and accuracy, Pronunciation"}', 0.00, 2, 'Part 3'),
('140e8400-e29b-41d4-a716-446655440189', '130e8400-e29b-41d4-a716-446655440111', '160e8400-e29b-41d4-a716-446655440114', 'How can governments manage tourism effectively?', 'speaking', NULL, NULL, NULL, NULL, '{"criteria": "Fluency and coherence, Lexical resource, Grammatical range and accuracy, Pronunciation"}', 0.00, 3, 'Part 3');
