-- Insert sample users (password: Password123#)
INSERT INTO users (id, email, password, role, full_name, avatar, phone, date_of_birth, gender, country, city, status, email_verified) VALUES
('550e8400-e29b-41d4-a716-446655440001', 'admin@ielts.com', '$2b$10$VYYuSuvbfSmy6q31szEedOBdiMNdfj1SScLikL3jE4kGTnWt3Z8CO', 'admin', 'Admin User', '/images/default_image.jpg', '+84123456789', '1985-01-15', 'male', 'Vietnam', 'Ho Chi Minh City', 'active', TRUE),
('550e8400-e29b-41d4-a716-446655440002', 'teacher1@ielts.com', '$2b$10$VYYuSuvbfSmy6q31szEedOBdiMNdfj1SScLikL3jE4kGTnWt3Z8CO', 'teacher', 'John Smith', '/images/default_image.jpg', '+84987654321', '1980-05-20', 'male', 'Vietnam', 'Hanoi', 'active', TRUE),
('550e8400-e29b-41d4-a716-446655440003', 'teacher2@ielts.com', '$2b$10$VYYuSuvbfSmy6q31szEedOBdiMNdfj1SScLikL3jE4kGTnWt3Z8CO', 'teacher', 'Sarah Johnson', '/images/default_image.jpg', '+84901234567', '1988-08-12', 'female', 'Vietnam', 'Da Nang', 'active', TRUE),
('550e8400-e29b-41d4-a716-446655440004', 'student1@ielts.com', '$2b$10$VYYuSuvbfSmy6q31szEedOBdiMNdfj1SScLikL3jE4kGTnWt3Z8CO', 'student', 'Nguyen Van A', '/images/default_image.jpg', '+84912345678', '1995-03-10', 'male', 'Vietnam', 'Ho Chi Minh City', 'active', TRUE),
('550e8400-e29b-41d4-a716-446655440005', 'student2@ielts.com', '$2b$10$VYYuSuvbfSmy6q31szEedOBdiMNdfj1SScLikL3jE4kGTnWt3Z8CO', 'student', 'Tran Thi B', '/images/default_image.jpg', '+84923456789', '1997-07-25', 'female', 'Vietnam', 'Hanoi', 'active', TRUE),
('550e8400-e29b-41d4-a716-446655440006', 'student3@ielts.com', '$2b$10$VYYuSuvbfSmy6q31szEedOBdiMNdfj1SScLikL3jE4kGTnWt3Z8CO', 'student', 'Le Van C', '/images/default_image.jpg', '+84934567890', '1996-11-30', 'male', 'Vietnam', 'Da Nang', 'active', TRUE);

-- Insert sample students
INSERT INTO students (id, user_id, bio, target_ielts_score, current_level, learning_goals, timezone, language_preference) VALUES
('450e8400-e29b-41d4-a716-446655440001', '550e8400-e29b-41d4-a716-446655440004', 'Aspiring to study abroad in Australia', 7.5, 5.5, ARRAY['Academic IELTS', 'University Application', 'Writing Improvement'], 'Asia/Ho_Chi_Minh', 'vi'),
('450e8400-e29b-41d4-a716-446655440002', '550e8400-e29b-41d4-a716-446655440005', 'Working professional seeking IELTS certification', 7.0, 6.0, ARRAY['General Training', 'Immigration', 'Speaking Confidence'], 'Asia/Ho_Chi_Minh', 'vi'),
('450e8400-e29b-41d4-a716-446655440003', '550e8400-e29b-41d4-a716-446655440006', 'Fresh graduate planning to work overseas', 8.0, 6.5, ARRAY['Academic IELTS', 'Band 8 Achievement', 'All Skills'], 'Asia/Ho_Chi_Minh', 'vi');

-- Insert sample teachers
INSERT INTO teachers (id, user_id, qualification, experience_years, specializations, ielts_band_score, certificate_urls, teaching_style, hourly_rate, rating, total_students, total_courses, status) VALUES
('350e8400-e29b-41d4-a716-446655440001', '550e8400-e29b-41d4-a716-446655440002', 'TESOL Certified, Masters in Applied Linguistics', 8, ARRAY['reading', 'writing', 'general'], 8.5, ARRAY['/images/default_image.jpg', '/images/default_image.jpg'], 'Interactive and practical approach with real-world examples', 500000, 4.8, 120, 6, 'approved'),
('350e8400-e29b-41d4-a716-446655440002', '550e8400-e29b-41d4-a716-446655440003', 'CELTA Certified, 10+ years teaching experience', 12, ARRAY['speaking', 'listening', 'general'], 9.0, ARRAY['/images/default_image.jpg'], 'Conversation-focused methodology with confidence building', 600000, 4.9, 95, 4, 'approved');

-- Insert sample course categories
INSERT INTO course_categories (id, name, description, icon, ordering, is_active) VALUES
('650e8400-e29b-41d4-a716-446655440001', 'IELTS Reading', 'Master IELTS Reading skills and strategies', 'book-open', 1, TRUE),
('650e8400-e29b-41d4-a716-446655440002', 'IELTS Writing', 'Improve your IELTS Writing Task 1 and Task 2', 'edit', 2, TRUE),
('650e8400-e29b-41d4-a716-446655440003', 'IELTS Listening', 'Enhance listening skills for IELTS success', 'headphones', 3, TRUE),
('650e8400-e29b-41d4-a716-446655440004', 'IELTS Speaking', 'Build confidence in IELTS Speaking test', 'mic', 4, TRUE),
('650e8400-e29b-41d4-a716-446655440005', 'Mock Tests', 'Full-length IELTS practice tests', 'clipboard-check', 5, TRUE),
('650e8400-e29b-41d4-a716-446655440006', 'General Training', 'IELTS General Training preparation', 'users', 6, TRUE);

-- Insert sample courses
INSERT INTO courses (id, teacher_id, category_id, title, description, thumbnail, skill_focus, difficulty_level, estimated_duration, price, discount_price, is_featured, enrollment_count, rating, rating_count, requirements, what_you_learn, tags, published_at) VALUES
('950e8400-e29b-41d4-a716-446655440001', '350e8400-e29b-41d4-a716-446655440001', '650e8400-e29b-41d4-a716-446655440001', 'IELTS Reading Mastery', 'Complete guide to IELTS Reading with proven strategies and practice tests', '/images/default_image.jpg', 'reading', 'intermediate', 40, 2500000, 1800000, TRUE, 145, 4.7, 89, ARRAY['Basic English proficiency', 'Target band 6.0+'], ARRAY['Reading strategies', 'Time management', 'Question types mastery', 'Academic vocabulary'], ARRAY['ielts', 'reading', 'academic'], NOW() - INTERVAL '30 days'),
('950e8400-e29b-41d4-a716-446655440002', '350e8400-e29b-41d4-a716-446655440002', '650e8400-e29b-41d4-a716-446655440004', 'IELTS Speaking Confidence', 'Build confidence and fluency for IELTS Speaking test', '/images/default_image.jpg', 'speaking', 'beginner', 25, 2200000, 1650000, TRUE, 98, 4.8, 67, ARRAY['Conversational English'], ARRAY['Pronunciation improvement', 'Fluency techniques', 'Speaking templates', 'Mock interviews'], ARRAY['ielts', 'speaking', 'confidence'], NOW() - INTERVAL '25 days'),
('950e8400-e29b-41d4-a716-446655440003', '350e8400-e29b-41d4-a716-446655440001', '650e8400-e29b-41d4-a716-446655440002', 'Academic Writing Mastery', 'Master IELTS Academic Writing Task 1 and Task 2', '/images/default_image.jpg', 'writing', 'advanced', 35, 2800000, 2100000, FALSE, 76, 4.6, 54, ARRAY['Intermediate writing skills', 'Grammar knowledge'], ARRAY['Task 1 strategies', 'Task 2 essay structures', 'Band 7+ vocabulary', 'Error correction'], ARRAY['ielts', 'writing', 'academic'], NOW() - INTERVAL '20 days'),
('950e8400-e29b-41d4-a716-446655440004', '350e8400-e29b-41d4-a716-446655440002', '650e8400-e29b-41d4-a716-446655440003', 'IELTS Listening Skills', 'Comprehensive listening preparation with all question types', '/images/default_image.jpg', 'listening', 'intermediate', 30, 2000000, 1500000, FALSE, 112, 4.5, 78, ARRAY['Basic listening skills'], ARRAY['Note-taking strategies', 'Accent recognition', 'Question prediction', 'Answer techniques'], ARRAY['ielts', 'listening', 'skills'], NOW() - INTERVAL '15 days'),
('950e8400-e29b-41d4-a716-446655440005', '350e8400-e29b-41d4-a716-446655440001', '650e8400-e29b-41d4-a716-446655440005', 'Complete IELTS Preparation', 'Full IELTS preparation covering all four skills', '/images/default_image.jpg', 'general', 'intermediate', 60, 4500000, 3200000, TRUE, 203, 4.9, 156, ARRAY['Elementary English'], ARRAY['All IELTS skills', 'Test strategies', 'Time management', 'Band score improvement'], ARRAY['ielts', 'complete', 'preparation'], NOW() - INTERVAL '45 days'),
('950e8400-e29b-41d4-a716-446655440006', '350e8400-e29b-41d4-a716-446655440002', '650e8400-e29b-41d4-a716-446655440005', 'IELTS Mock Test Series', 'Realistic IELTS mock tests with detailed feedback', '/images/default_image.jpg', 'general', 'intermediate', 20, 1800000, 1350000, FALSE, 87, 4.4, 43, ARRAY['Completed IELTS preparation'], ARRAY['Test experience', 'Performance analysis', 'Weakness identification', 'Score prediction'], ARRAY['ielts', 'mock', 'practice'], NOW() - INTERVAL '10 days'),
('950e8400-e29b-41d4-a716-446655440007', '350e8400-e29b-41d4-a716-446655440001', '650e8400-e29b-41d4-a716-446655440001', 'IELTS Grammar Foundation', 'Essential grammar for IELTS success', '/images/default_image.jpg', 'grammar', 'beginner', 25, 1500000, 1200000, FALSE, 134, 4.3, 92, ARRAY['Basic English'], ARRAY['Core grammar rules', 'Sentence structures', 'Common mistakes', 'Practice exercises'], ARRAY['ielts', 'grammar', 'foundation'], NOW() - INTERVAL '35 days'),
('950e8400-e29b-41d4-a716-446655440008', '350e8400-e29b-41d4-a716-446655440002', '650e8400-e29b-41d4-a716-446655440002', 'IELTS Vocabulary Builder', 'Advanced vocabulary for high band scores', '/images/default_image.jpg', 'vocabulary', 'advanced', 30, 2200000, 1700000, FALSE, 89, 4.6, 67, ARRAY['Intermediate vocabulary'], ARRAY['Academic vocabulary', 'Collocations', 'Idioms', 'Word families'], ARRAY['ielts', 'vocabulary', 'advanced'], NOW() - INTERVAL '28 days'),
('950e8400-e29b-41d4-a716-446655440009', '350e8400-e29b-41d4-a716-446655440001', '650e8400-e29b-41d4-a716-446655440003', 'IELTS Pronunciation Mastery', 'Perfect your pronunciation for IELTS Speaking', '/images/default_image.jpg', 'speaking', 'intermediate', 20, 1800000, 1400000, FALSE, 76, 4.5, 58, ARRAY['Basic pronunciation'], ARRAY['Sound patterns', 'Intonation', 'Stress patterns', 'Connected speech'], ARRAY['ielts', 'pronunciation', 'speaking'], NOW() - INTERVAL '22 days'),
('950e8400-e29b-41d4-a716-446655440010', '350e8400-e29b-41d4-a716-446655440002', '650e8400-e29b-41d4-a716-446655440004', 'IELTS Time Management', 'Master time management for all IELTS sections', '/images/default_image.jpg', 'general', 'intermediate', 15, 1200000, 900000, FALSE, 95, 4.4, 71, ARRAY['Basic IELTS knowledge'], ARRAY['Time strategies', 'Section planning', 'Speed techniques', 'Practice drills'], ARRAY['ielts', 'time-management', 'strategy'], NOW() - INTERVAL '18 days'),
('950e8400-e29b-41d4-a716-446655440011', '350e8400-e29b-41d4-a716-446655440001', '650e8400-e29b-41d4-a716-446655440005', 'IELTS Band 7+ Writing', 'Advanced writing techniques for Band 7+', '/images/default_image.jpg', 'writing', 'advanced', 40, 3200000, 2400000, TRUE, 67, 4.8, 45, ARRAY['Band 6+ writing'], ARRAY['Complex structures', 'Advanced vocabulary', 'Coherence', 'Task achievement'], ARRAY['ielts', 'writing', 'band7'], NOW() - INTERVAL '40 days'),
('950e8400-e29b-41d4-a716-446655440012', '350e8400-e29b-41d4-a716-446655440002', '650e8400-e29b-41d4-a716-446655440001', 'IELTS Band 8+ Reading', 'Expert reading strategies for Band 8+', '/images/default_image.jpg', 'reading', 'advanced', 35, 2800000, 2100000, FALSE, 45, 4.9, 32, ARRAY['Band 7+ reading'], ARRAY['Speed reading', 'Complex texts', 'Inference skills', 'Critical analysis'], ARRAY['ielts', 'reading', 'band8'], NOW() - INTERVAL '25 days'),
('950e8400-e29b-41d4-a716-446655440013', '350e8400-e29b-41d4-a716-446655440001', '650e8400-e29b-41d4-a716-446655440003', 'IELTS Band 8+ Speaking', 'Advanced speaking for Band 8+', '/images/default_image.jpg', 'speaking', 'advanced', 30, 2500000, 1900000, FALSE, 38, 4.7, 28, ARRAY['Band 7+ speaking'], ARRAY['Fluency mastery', 'Lexical resource', 'Grammatical range', 'Pronunciation excellence'], ARRAY['ielts', 'speaking', 'band8'], NOW() - INTERVAL '30 days'),
('950e8400-e29b-41d4-a716-446655440014', '350e8400-e29b-41d4-a716-446655440002', '650e8400-e29b-41d4-a716-446655440004', 'IELTS Band 8+ Listening', 'Expert listening for Band 8+', '/images/default_image.jpg', 'listening', 'advanced', 25, 2200000, 1700000, FALSE, 42, 4.6, 35, ARRAY['Band 7+ listening'], ARRAY['Complex accents', 'Fast speech', 'Inference', 'Detail recognition'], ARRAY['ielts', 'listening', 'band8'], NOW() - INTERVAL '20 days'),
('950e8400-e29b-41d4-a716-446655440015', '350e8400-e29b-41d4-a716-446655440001', '650e8400-e29b-41d4-a716-446655440005', 'IELTS General Training', 'Complete GT preparation', '/images/default_image.jpg', 'general', 'intermediate', 50, 3800000, 2800000, FALSE, 78, 4.5, 56, ARRAY['Basic English'], ARRAY['GT reading', 'GT writing', 'Listening', 'Speaking'], ARRAY['ielts', 'general-training', 'complete'], NOW() - INTERVAL '35 days');

-- Insert sample combo courses
INSERT INTO combo_courses (id, name, description, thumbnail, original_price, combo_price, discount_percentage, course_ids, enrollment_count, tags, created_by) VALUES
('850e8400-e29b-41d4-a716-446655440001', '3.5 - 5.0', 'Foundation to intermediate level preparation', '/images/default_image.jpg', 9500000, 6500000, 31.58, ARRAY['950e8400-e29b-41d4-a716-446655440007', '950e8400-e29b-41d4-a716-446655440002', '950e8400-e29b-41d4-a716-446655440004', '950e8400-e29b-41d4-a716-446655440010']::UUID[], 45, ARRAY['foundation', 'intermediate'], '550e8400-e29b-41d4-a716-446655440001'),
('850e8400-e29b-41d4-a716-446655440002', '5.0 - 6.0', 'Intermediate to upper-intermediate preparation', '/images/default_image.jpg', 7300000, 5200000, 28.77, ARRAY['950e8400-e29b-41d4-a716-446655440001', '950e8400-e29b-41d4-a716-446655440003', '950e8400-e29b-41d4-a716-446655440008', '950e8400-e29b-41d4-a716-446655440006']::UUID[], 32, ARRAY['intermediate', 'upper-intermediate'], '550e8400-e29b-41d4-a716-446655440001'),
('850e8400-e29b-41d4-a716-446655440003', '6.0 - 7.0', 'Upper-intermediate to advanced preparation', '/images/default_image.jpg', 6800000, 4800000, 29.41, ARRAY['950e8400-e29b-41d4-a716-446655440011', '950e8400-e29b-41d4-a716-446655440009', '950e8400-e29b-41d4-a716-446655440006']::UUID[], 28, ARRAY['upper-intermediate', 'advanced'], '550e8400-e29b-41d4-a716-446655440001'),
('850e8400-e29b-41d4-a716-446655440004', '7.0 - 8.0', 'Advanced to expert level preparation', '/images/default_image.jpg', 5500000, 3800000, 30.91, ARRAY['950e8400-e29b-41d4-a716-446655440012', '950e8400-e29b-41d4-a716-446655440013', '950e8400-e29b-41d4-a716-446655440014']::UUID[], 18, ARRAY['advanced', 'expert'], '550e8400-e29b-41d4-a716-446655440002'),
('850e8400-e29b-41d4-a716-446655440005', '3.0 - 4.0', 'Beginner to elementary preparation', '/images/default_image.jpg', 8200000, 5800000, 29.27, ARRAY['950e8400-e29b-41d4-a716-446655440007', '950e8400-e29b-41d4-a716-446655440004', '950e8400-e29b-41d4-a716-446655440010']::UUID[], 52, ARRAY['beginner', 'elementary'], '550e8400-e29b-41d4-a716-446655440001'),
('850e8400-e29b-41d4-a716-446655440006', '4.0 - 5.0', 'Elementary to intermediate preparation', '/images/default_image.jpg', 7800000, 5500000, 29.49, ARRAY['950e8400-e29b-41d4-a716-446655440001', '950e8400-e29b-41d4-a716-446655440002', '950e8400-e29b-41d4-a716-446655440008']::UUID[], 38, ARRAY['elementary', 'intermediate'], '550e8400-e29b-41d4-a716-446655440001'),
('850e8400-e29b-41d4-a716-446655440007', '5.0 - 6.0', 'Intermediate preparation', '/images/default_image.jpg', 7200000, 5000000, 30.56, ARRAY['950e8400-e29b-41d4-a716-446655440003', '950e8400-e29b-41d4-a716-446655440009', '950e8400-e29b-41d4-a716-446655440006']::UUID[], 42, ARRAY['intermediate'], '550e8400-e29b-41d4-a716-446655440002'),
('850e8400-e29b-41d4-a716-446655440008', '6.0 - 7.0', 'Upper-intermediate preparation', '/images/default_image.jpg', 6500000, 4500000, 30.77, ARRAY['950e8400-e29b-41d4-a716-446655440011', '950e8400-e29b-41d4-a716-446655440012', '950e8400-e29b-41d4-a716-446655440006']::UUID[], 25, ARRAY['upper-intermediate'], '550e8400-e29b-41d4-a716-446655440002');

-- Insert sample sections
INSERT INTO sections (id, course_id, title, description, ordering) VALUES
('c50e8400-e29b-41d4-a716-446655440001', '950e8400-e29b-41d4-a716-446655440001', 'Reading Fundamentals', 'Basic concepts and strategies for IELTS Reading', 1),
('c50e8400-e29b-41d4-a716-446655440002', '950e8400-e29b-41d4-a716-446655440001', 'Advanced Reading Techniques', 'Advanced strategies and practice', 2),
('c50e8400-e29b-41d4-a716-446655440003', '950e8400-e29b-41d4-a716-446655440002', 'Speaking Basics', 'Introduction to IELTS Speaking test', 1),
('c50e8400-e29b-41d4-a716-446655440004', '950e8400-e29b-41d4-a716-446655440002', 'Speaking Practice', 'Advanced speaking practice and fluency', 2),
('c50e8400-e29b-41d4-a716-446655440005', '950e8400-e29b-41d4-a716-446655440003', 'Writing Fundamentals', 'Basic writing skills for IELTS', 1),
('c50e8400-e29b-41d4-a716-446655440006', '950e8400-e29b-41d4-a716-446655440003', 'Advanced Writing', 'Advanced writing techniques', 2),
('c50e8400-e29b-41d4-a716-446655440007', '950e8400-e29b-41d4-a716-446655440004', 'Listening Skills', 'Essential listening strategies', 1),
('c50e8400-e29b-41d4-a716-446655440008', '950e8400-e29b-41d4-a716-446655440005', 'Complete Preparation', 'Comprehensive IELTS preparation', 1),
('c50e8400-e29b-41d4-a716-446655440009', '950e8400-e29b-41d4-a716-446655440006', 'Mock Test Preparation', 'Getting ready for mock tests', 1),
('c50e8400-e29b-41d4-a716-446655440016', '950e8400-e29b-41d4-a716-446655440007', 'Grammar Basics', 'Essential grammar rules for IELTS', 1),
('c50e8400-e29b-41d4-a716-446655440017', '950e8400-e29b-41d4-a716-446655440008', 'Vocabulary Building', 'Advanced vocabulary for high scores', 1),
('c50e8400-e29b-41d4-a716-446655440018', '950e8400-e29b-41d4-a716-446655440009', 'Pronunciation Fundamentals', 'Basic pronunciation skills', 1),
('c50e8400-e29b-41d4-a716-446655440019', '950e8400-e29b-41d4-a716-446655440010', 'Time Management Basics', 'Essential time management strategies', 1),
('c50e8400-e29b-41d4-a716-446655440020', '950e8400-e29b-41d4-a716-446655440011', 'Writing Task 1', 'Academic Writing Task 1 mastery', 1),
('c50e8400-e29b-41d4-a716-446655440021', '950e8400-e29b-41d4-a716-446655440011', 'Writing Task 2', 'Academic Writing Task 2 mastery', 2),
('c50e8400-e29b-41d4-a716-446655440022', '950e8400-e29b-41d4-a716-446655440012', 'Reading Strategies', 'Expert reading techniques', 1),
('c50e8400-e29b-41d4-a716-446655440023', '950e8400-e29b-41d4-a716-446655440013', 'Speaking Fluency', 'Advanced speaking techniques', 1),
('c50e8400-e29b-41d4-a716-446655440024', '950e8400-e29b-41d4-a716-446655440014', 'Listening Mastery', 'Expert listening skills', 1),
('c50e8400-e29b-41d4-a716-446655440025', '950e8400-e29b-41d4-a716-446655440015', 'General Training Reading', 'GT Reading preparation', 1),
('c50e8400-e29b-41d4-a716-446655440026', '950e8400-e29b-41d4-a716-446655440015', 'General Training Writing', 'GT Writing preparation', 2);

-- Insert sample lessons
INSERT INTO lessons (id, section_id, title, description, lesson_type, video_url, video_duration, document_url, ordering, is_preview) VALUES
('d50e8400-e29b-41d4-a716-446655440001', 'c50e8400-e29b-41d4-a716-446655440001', 'Introduction to IELTS Reading', 'Overview of IELTS Reading test format and scoring', 'video', '/test/video.mp4', 1800, '/images/default_image.jpg', 1, TRUE),
('d50e8400-e29b-41d4-a716-446655440002', 'c50e8400-e29b-41d4-a716-446655440002', 'Skimming and Scanning Techniques', 'Learn essential reading strategies', 'video', '/test/video.mp4', 2700, '/images/default_image.jpg', 1, FALSE),
('d50e8400-e29b-41d4-a716-446655440003', 'c50e8400-e29b-41d4-a716-446655440003', 'IELTS Speaking Part 1', 'Master the personal questions section', 'video', '/test/video.mp4', 2100, '/images/default_image.jpg', 1, TRUE),
('d50e8400-e29b-41d4-a716-446655440004', 'c50e8400-e29b-41d4-a716-446655440004', 'Cue Card Strategies', 'How to tackle Part 2 effectively', 'video', '/test/video.mp4', 3000, '/images/default_image.jpg', 1, FALSE),
('d50e8400-e29b-41d4-a716-446655440005', 'c50e8400-e29b-41d4-a716-446655440005', 'Academic Writing Task 1', 'Describing charts and graphs', 'video', '/test/video.mp4', 3300, '/images/default_image.jpg', 1, FALSE),
('d50e8400-e29b-41d4-a716-446655440006', 'c50e8400-e29b-41d4-a716-446655440007', 'Note-taking Strategies', 'Effective listening note-taking methods', 'video', '/test/video.mp4', 2400, '/images/default_image.jpg', 1, TRUE),
('d50e8400-e29b-41d4-a716-446655440007', 'c50e8400-e29b-41d4-a716-446655440008', 'Complete IELTS Overview', 'Comprehensive introduction to all IELTS skills', 'video', '/test/video.mp4', 2700, '/images/default_image.jpg', 1, TRUE),
('d50e8400-e29b-41d4-a716-446655440008', 'c50e8400-e29b-41d4-a716-446655440009', 'Mock Test Guidelines', 'How to approach IELTS mock tests', 'video', '/test/video.mp4', 1500, '/images/default_image.jpg', 1, FALSE),
('d50e8400-e29b-41d4-a716-446655440015', 'c50e8400-e29b-41d4-a716-446655440016', 'Essential Grammar Rules', 'Core grammar for IELTS success', 'video', '/test/video.mp4', 2400, '/images/default_image.jpg', 1, TRUE),
('d50e8400-e29b-41d4-a716-446655440016', 'c50e8400-e29b-41d4-a716-446655440017', 'Academic Vocabulary', 'Advanced vocabulary building', 'video', '/test/video.mp4', 2700, '/images/default_image.jpg', 1, TRUE),
('d50e8400-e29b-41d4-a716-446655440017', 'c50e8400-e29b-41d4-a716-446655440018', 'Pronunciation Basics', 'Fundamental pronunciation skills', 'video', '/test/video.mp4', 2100, '/images/default_image.jpg', 1, TRUE),
('d50e8400-e29b-41d4-a716-446655440018', 'c50e8400-e29b-41d4-a716-446655440019', 'Time Management for Reading', 'Reading time management strategies', 'video', '/test/video.mp4', 1800, '/images/default_image.jpg', 1, TRUE),
('d50e8400-e29b-41d4-a716-446655440019', 'c50e8400-e29b-41d4-a716-446655440020', 'Task 1 Chart Description', 'Mastering chart descriptions', 'video', '/test/video.mp4', 3000, '/images/default_image.jpg', 1, TRUE),
('d50e8400-e29b-41d4-a716-446655440020', 'c50e8400-e29b-41d4-a716-446655440021', 'Task 2 Essay Structure', 'Advanced essay writing techniques', 'video', '/test/video.mp4', 3300, '/images/default_image.jpg', 1, TRUE),
('d50e8400-e29b-41d4-a716-446655440021', 'c50e8400-e29b-41d4-a716-446655440022', 'Reading Question Types', 'All IELTS reading question types', 'video', '/test/video.mp4', 2700, '/images/default_image.jpg', 1, TRUE),
('d50e8400-e29b-41d4-a716-446655440022', 'c50e8400-e29b-41d4-a716-446655440023', 'Speaking Part 3 Mastery', 'Advanced Part 3 discussion skills', 'video', '/test/video.mp4', 2400, '/images/default_image.jpg', 1, TRUE),
('d50e8400-e29b-41d4-a716-446655440023', 'c50e8400-e29b-41d4-a716-446655440024', 'Listening Section 4', 'Academic lecture listening', 'video', '/test/video.mp4', 2100, '/images/default_image.jpg', 1, TRUE),
('d50e8400-e29b-41d4-a716-446655440024', 'c50e8400-e29b-41d4-a716-446655440025', 'GT Reading Practice', 'General Training reading practice', 'video', '/test/video.mp4', 2400, '/images/default_image.jpg', 1, TRUE),
('d50e8400-e29b-41d4-a716-446655440025', 'c50e8400-e29b-41d4-a716-446655440026', 'GT Writing Task 1', 'Letter writing for GT', 'video', '/test/video.mp4', 2700, '/images/default_image.jpg', 1, TRUE);

-- Insert sample enrollments
INSERT INTO enrollments (id, user_id, course_id, enrollment_date, progress_percentage, is_active) VALUES
('750e8400-e29b-41d4-a716-446655440001', '550e8400-e29b-41d4-a716-446655440004', '950e8400-e29b-41d4-a716-446655440001', NOW() - INTERVAL '25 days', 75.50, TRUE),
('750e8400-e29b-41d4-a716-446655440002', '550e8400-e29b-41d4-a716-446655440004', '950e8400-e29b-41d4-a716-446655440002', NOW() - INTERVAL '20 days', 45.25, TRUE),
('750e8400-e29b-41d4-a716-446655440003', '550e8400-e29b-41d4-a716-446655440005', '950e8400-e29b-41d4-a716-446655440003', NOW() - INTERVAL '30 days', 90.00, TRUE),
('750e8400-e29b-41d4-a716-446655440004', '550e8400-e29b-41d4-a716-446655440005', '950e8400-e29b-41d4-a716-446655440004', NOW() - INTERVAL '15 days', 60.75, TRUE),
('750e8400-e29b-41d4-a716-446655440005', '550e8400-e29b-41d4-a716-446655440006', '950e8400-e29b-41d4-a716-446655440005', NOW() - INTERVAL '40 days', 85.30, TRUE),
('750e8400-e29b-41d4-a716-446655440006', '550e8400-e29b-41d4-a716-446655440006', '950e8400-e29b-41d4-a716-446655440006', NOW() - INTERVAL '10 days', 25.00, TRUE);

-- Insert sample combo enrollments
INSERT INTO combo_enrollments (id, user_id, combo_id, enrollment_date, overall_progress_percentage, is_active) VALUES
('760e8400-e29b-41d4-a716-446655440001', '550e8400-e29b-41d4-a716-446655440004', '850e8400-e29b-41d4-a716-446655440001', NOW() - INTERVAL '35 days', 68.75, TRUE),
('760e8400-e29b-41d4-a716-446655440002', '550e8400-e29b-41d4-a716-446655440005', '850e8400-e29b-41d4-a716-446655440002', NOW() - INTERVAL '28 days', 82.50, TRUE),
('760e8400-e29b-41d4-a716-446655440003', '550e8400-e29b-41d4-a716-446655440006', '850e8400-e29b-41d4-a716-446655440003', NOW() - INTERVAL '22 days', 55.25, TRUE),
('760e8400-e29b-41d4-a716-446655440004', '550e8400-e29b-41d4-a716-446655440004', '850e8400-e29b-41d4-a716-446655440004', NOW() - INTERVAL '18 days', 45.80, TRUE),
('760e8400-e29b-41d4-a716-446655440005', '550e8400-e29b-41d4-a716-446655440005', '850e8400-e29b-41d4-a716-446655440005', NOW() - INTERVAL '15 days', 72.30, TRUE),
('760e8400-e29b-41d4-a716-446655440006', '550e8400-e29b-41d4-a716-446655440006', '850e8400-e29b-41d4-a716-446655440006', NOW() - INTERVAL '12 days', 38.90, TRUE),
('760e8400-e29b-41d4-a716-446655440007', '550e8400-e29b-41d4-a716-446655440004', '850e8400-e29b-41d4-a716-446655440007', NOW() - INTERVAL '25 days', 91.20, TRUE),
('760e8400-e29b-41d4-a716-446655440008', '550e8400-e29b-41d4-a716-446655440005', '850e8400-e29b-41d4-a716-446655440008', NOW() - INTERVAL '8 days', 15.60, TRUE);

-- Insert sample user progress
INSERT INTO user_progress (id, user_id, course_id, section_id, lesson_id, status, progress_percentage, completion_date) VALUES
('550e8400-e29b-41d4-a716-446655441001', '550e8400-e29b-41d4-a716-446655440004', '950e8400-e29b-41d4-a716-446655440001', 'c50e8400-e29b-41d4-a716-446655440001', 'd50e8400-e29b-41d4-a716-446655440001', 'completed', 100.00, NOW() - INTERVAL '3 days'),
('550e8400-e29b-41d4-a716-446655441002', '550e8400-e29b-41d4-a716-446655440004', '950e8400-e29b-41d4-a716-446655440001', 'c50e8400-e29b-41d4-a716-446655440002', 'd50e8400-e29b-41d4-a716-446655440002', 'in_progress', 65.50, NULL),
('550e8400-e29b-41d4-a716-446655441003', '550e8400-e29b-41d4-a716-446655440005', '950e8400-e29b-41d4-a716-446655440002', 'c50e8400-e29b-41d4-a716-446655440003', 'd50e8400-e29b-41d4-a716-446655440003', 'completed', 100.00, NOW() - INTERVAL '5 days'),
('550e8400-e29b-41d4-a716-446655441004', '550e8400-e29b-41d4-a716-446655440005', '950e8400-e29b-41d4-a716-446655440002', 'c50e8400-e29b-41d4-a716-446655440004', 'd50e8400-e29b-41d4-a716-446655440004', 'in_progress', 45.00, NULL),
('550e8400-e29b-41d4-a716-446655441005', '550e8400-e29b-41d4-a716-446655440006', '950e8400-e29b-41d4-a716-446655440003', 'c50e8400-e29b-41d4-a716-446655440005', 'd50e8400-e29b-41d4-a716-446655440005', 'completed', 100.00, NOW() - INTERVAL '2 days'),
('550e8400-e29b-41d4-a716-446655441006', '550e8400-e29b-41d4-a716-446655440006', '950e8400-e29b-41d4-a716-446655440004', 'c50e8400-e29b-41d4-a716-446655440007', 'd50e8400-e29b-41d4-a716-446655440006', 'not_started', 0.00, NULL);

-- Insert sample section progress
INSERT INTO section_progress (id, user_id, section_id, course_id, completed_lessons, total_lessons, progress_percentage, started_at, completed_at) VALUES
('560e8400-e29b-41d4-a716-446655440001', '550e8400-e29b-41d4-a716-446655440004', 'c50e8400-e29b-41d4-a716-446655440001', '950e8400-e29b-41d4-a716-446655440001', 1, 1, 100.00, NOW() - INTERVAL '10 days', NOW() - INTERVAL '3 days'),
('560e8400-e29b-41d4-a716-446655440002', '550e8400-e29b-41d4-a716-446655440004', 'c50e8400-e29b-41d4-a716-446655440002', '950e8400-e29b-41d4-a716-446655440001', 0, 1, 65.50, NOW() - INTERVAL '8 days', NULL),
('560e8400-e29b-41d4-a716-446655440003', '550e8400-e29b-41d4-a716-446655440005', 'c50e8400-e29b-41d4-a716-446655440003', '950e8400-e29b-41d4-a716-446655440002', 1, 1, 100.00, NOW() - INTERVAL '12 days', NOW() - INTERVAL '5 days'),
('560e8400-e29b-41d4-a716-446655440004', '550e8400-e29b-41d4-a716-446655440005', 'c50e8400-e29b-41d4-a716-446655440004', '950e8400-e29b-41d4-a716-446655440002', 0, 1, 45.00, NOW() - INTERVAL '7 days', NULL),
('560e8400-e29b-41d4-a716-446655440005', '550e8400-e29b-41d4-a716-446655440006', 'c50e8400-e29b-41d4-a716-446655440005', '950e8400-e29b-41d4-a716-446655440003', 1, 1, 100.00, NOW() - INTERVAL '15 days', NOW() - INTERVAL '2 days'),
('560e8400-e29b-41d4-a716-446655440006', '550e8400-e29b-41d4-a716-446655440006', 'c50e8400-e29b-41d4-a716-446655440007', '950e8400-e29b-41d4-a716-446655440004', 0, 1, 0.00, NOW() - INTERVAL '5 days', NULL);

-- Insert sample mock tests
INSERT INTO mock_tests (id, title, description, test_type, duration, total_questions, difficulty_level, target_band_score, instructions, created_by) VALUES
('160e8400-e29b-41d4-a716-446655440001', 'IELTS Academic Full Test 1', 'Complete IELTS Academic practice test covering all four skills', 'full_test', 165, 40, 'intermediate', 7.0, 'This is a complete IELTS Academic test. You will have 60 minutes for Reading, 60 minutes for Writing, 30 minutes for Listening, and 15 minutes for Speaking.', '550e8400-e29b-41d4-a716-446655440002'),
('160e8400-e29b-41d4-a716-446655440002', 'Reading Practice Test A', 'Academic Reading practice with 3 passages and various question types', 'reading', 60, 40, 'intermediate', 6.5, 'Read the three passages and answer all questions. You have 60 minutes total. Transfer your answers to the answer sheet.', '550e8400-e29b-41d4-a716-446655440002'),
('160e8400-e29b-41d4-a716-446655440003', 'Writing Task 1 & 2 Practice', 'Academic Writing practice test with Task 1 and Task 2', 'writing', 60, 2, 'advanced', 7.5, 'Complete both writing tasks. Task 1 should be at least 150 words, Task 2 should be at least 250 words.', '550e8400-e29b-41d4-a716-446655440003'),
('160e8400-e29b-41d4-a716-446655440004', 'Listening Skills Test', 'Comprehensive listening practice with all four sections', 'listening', 30, 40, 'intermediate', 6.5, 'Listen to the audio and answer all questions. You will hear each section only once.', '550e8400-e29b-41d4-a716-446655440003'),
('160e8400-e29b-41d4-a716-446655440005', 'Speaking Mock Interview', 'Full speaking test simulation with all three parts', 'speaking', 15, 3, 'intermediate', 7.0, 'This is a complete IELTS Speaking test simulation. Answer naturally and speak clearly.', '550e8400-e29b-41d4-a716-446655440002'),
('160e8400-e29b-41d4-a716-446655440006', 'General Training Practice', 'GT reading and writing practice test', 'full_test', 150, 42, 'beginner', 6.0, 'This is a General Training IELTS test. Complete all sections within the time limit.', '550e8400-e29b-41d4-a716-446655440003');

-- Insert sample test sections
INSERT INTO test_sections (id, mock_test_id, section_name, section_type, description, duration, ordering) VALUES
-- Full test sections
('300e8400-e29b-41d4-a716-446655440001', '160e8400-e29b-41d4-a716-446655440001', 'Reading Section', 'reading', 'Academic Reading with 3 passages and 40 questions', 60, 1),
('300e8400-e29b-41d4-a716-446655440002', '160e8400-e29b-41d4-a716-446655440001', 'Writing Section', 'writing', 'Academic Writing Task 1 and Task 2', 60, 2),
('300e8400-e29b-41d4-a716-446655440003', '160e8400-e29b-41d4-a716-446655440001', 'Listening Section', 'listening', 'Academic Listening with 4 sections and 40 questions', 30, 3),
('300e8400-e29b-41d4-a716-446655440004', '160e8400-e29b-41d4-a716-446655440001', 'Speaking Section', 'speaking', 'Academic Speaking with 3 parts', 15, 4),

-- Reading only test sections
('300e8400-e29b-41d4-a716-446655440005', '160e8400-e29b-41d4-a716-446655440002', 'Passage 1', 'reading', 'First reading passage with questions 1-13', 20, 1),
('300e8400-e29b-41d4-a716-446655440006', '160e8400-e29b-41d4-a716-446655440002', 'Passage 2', 'reading', 'Second reading passage with questions 14-26', 20, 2),
('300e8400-e29b-41d4-a716-446655440007', '160e8400-e29b-41d4-a716-446655440002', 'Passage 3', 'reading', 'Third reading passage with questions 27-40', 20, 3),

-- Writing only test sections
('300e8400-e29b-41d4-a716-446655440008', '160e8400-e29b-41d4-a716-446655440003', 'Task 1', 'writing', 'Academic Writing Task 1 - Chart Description', 20, 1),
('300e8400-e29b-41d4-a716-446655440009', '160e8400-e29b-41d4-a716-446655440003', 'Task 2', 'writing', 'Academic Writing Task 2 - Essay', 40, 2),

-- Listening only test sections
('300e8400-e29b-41d4-a716-446655440010', '160e8400-e29b-41d4-a716-446655440004', 'Section 1', 'listening', 'Conversation between two people', 7, 1),
('300e8400-e29b-41d4-a716-446655440011', '160e8400-e29b-41d4-a716-446655440004', 'Section 2', 'listening', 'Monologue in everyday context', 7, 2),
('300e8400-e29b-41d4-a716-446655440012', '160e8400-e29b-41d4-a716-446655440004', 'Section 3', 'listening', 'Conversation in educational context', 8, 3),
('300e8400-e29b-41d4-a716-446655440013', '160e8400-e29b-41d4-a716-446655440004', 'Section 4', 'listening', 'Academic lecture', 8, 4),

-- Speaking only test sections
('300e8400-e29b-41d4-a716-446655440014', '160e8400-e29b-41d4-a716-446655440005', 'Part 1', 'speaking', 'Personal questions and familiar topics', 5, 1),
('300e8400-e29b-41d4-a716-446655440015', '160e8400-e29b-41d4-a716-446655440005', 'Part 2', 'speaking', 'Individual long turn with cue card', 2, 2),
('300e8400-e29b-41d4-a716-446655440016', '160e8400-e29b-41d4-a716-446655440005', 'Part 3', 'speaking', 'Two-way discussion on abstract topics', 5, 3);

-- Insert sample exercises
INSERT INTO exercises (id, lesson_id, test_section_id, title, instruction, content, exercise_type, skill_type, time_limit, max_attempts, passing_score, ordering, is_active, audio_url) VALUES
-- Lesson exercises
('130e8400-e29b-41d4-a716-446655440001', 'd50e8400-e29b-41d4-a716-446655440001', NULL, 'Reading Comprehension Quiz', 'Read the passage and answer the questions', '{"description": "Practice reading comprehension with academic passages", "passage": "Climate change is one of the most pressing issues facing humanity today..."}', 'lesson', 'reading', 30, 3, 70.00, 1, TRUE, NULL),
('130e8400-e29b-41d4-a716-446655440002', 'd50e8400-e29b-41d4-a716-446655440002', NULL, 'Skimming Practice', 'Practice skimming techniques with these statements', '{"description": "Improve your skimming and scanning skills", "passage": "Renewable energy sources have become increasingly important..."}', 'lesson', 'reading', 15, 2, 75.00, 1, TRUE, NULL),
('130e8400-e29b-41d4-a716-446655440003', 'd50e8400-e29b-41d4-a716-446655440003', NULL, 'Part 1 Speaking Practice', 'Record your answers to these personal questions', '{"description": "Practice Part 1 speaking questions", "topic": "Personal information and familiar topics", "questions": ["Tell me about your hometown", "What do you do?", "What are your hobbies?"]}', 'lesson', 'speaking', 10, 1, 0.00, 1, TRUE, NULL),
('130e8400-e29b-41d4-a716-446655440004', 'd50e8400-e29b-41d4-a716-446655440004', NULL, 'Cue Card Practice', 'Practice with this cue card topic', '{"description": "Practice Part 2 speaking with cue card", "topic": "Describe a memorable journey", "points": ["Where you went", "When you went", "Who you went with", "What you did", "Why it was memorable"]}', 'lesson', 'speaking', 5, 2, 0.00, 1, TRUE, NULL),
('130e8400-e29b-41d4-a716-446655440005', 'd50e8400-e29b-41d4-a716-446655440005', NULL, 'Task 1 Writing Practice', 'Write a 150-word description of the chart', '{"description": "Practice Task 1 chart description", "chart_url": "/test/image.jpg", "chart_type": "bar", "data": "The chart shows renewable energy usage in different countries"}', 'lesson', 'writing', 60, 1, 0.00, 1, TRUE, NULL),
('130e8400-e29b-41d4-a716-446655440006', 'd50e8400-e29b-41d4-a716-446655440006', NULL, 'Listening Comprehension', 'Listen and answer the questions', '{"description": "Practice listening comprehension", "audio_url": "/test/audio.mp3", "audio_duration": 300, "transcript": "You will hear a conversation between a student and a librarian about finding a book in the university library..."}', 'lesson', 'listening', 25, 2, 65.00, 1, TRUE, '/test/audio.mp3'),

-- Mock test exercises (linked to test_sections)
('130e8400-e29b-41d4-a716-446655440007', NULL, '300e8400-e29b-41d4-a716-446655440001', 'Academic Reading Section 1', 'Read the passage and answer questions 1-13', '{"passage": "Academic reading passage 1...", "questions": []}', 'mock_test', 'reading', 20, 1, 0.00, 1, TRUE, NULL),
('130e8400-e29b-41d4-a716-446655440008', NULL, '300e8400-e29b-41d4-a716-446655440001', 'Academic Reading Section 2', 'Read the passage and answer questions 14-26', '{"passage": "Academic reading passage 2...", "questions": []}', 'mock_test', 'reading', 20, 1, 0.00, 2, TRUE, NULL),
('130e8400-e29b-41d4-a716-446655440009', NULL, '300e8400-e29b-41d4-a716-446655440001', 'Academic Reading Section 3', 'Read the passage and answer questions 27-40', '{"passage": "Academic reading passage 3...", "questions": []}', 'mock_test', 'reading', 20, 1, 0.00, 3, TRUE, NULL),
('130e8400-e29b-41d4-a716-446655440010', NULL, '300e8400-e29b-41d4-a716-446655440002', 'Academic Writing Task 1', 'Write a 150-word report describing the chart', '{"chart_url": "/images/default_image.jpg"}', 'mock_test', 'writing', 20, 1, 0.00, 1, TRUE, NULL),
('130e8400-e29b-41d4-a716-446655440011', NULL, '300e8400-e29b-41d4-a716-446655440002', 'Academic Writing Task 2', 'Write a 250-word essay on the given topic', '{"topic": "Some people believe that...", "essay_type": "opinion"}', 'mock_test', 'writing', 40, 1, 0.00, 2, TRUE, NULL),
('130e8400-e29b-41d4-a716-446655440012', NULL, '300e8400-e29b-41d4-a716-446655440003', 'Listening Section 1', 'Listen to the conversation and answer questions 1-10', '{"audio_url": "/test/audio.mp3", "audio_duration": 600, "transcript": "You will hear a conversation between two people..."}', 'mock_test', 'listening', 10, 1, 0.00, 1, TRUE, '/test/audio.mp3'),
('130e8400-e29b-41d4-a716-446655440013', NULL, '300e8400-e29b-41d4-a716-446655440003', 'Listening Section 2', 'Listen to the monologue and answer questions 11-20', '{"audio_url": "/test/audio.mp3", "audio_duration": 600, "transcript": "You will hear a monologue about..."}', 'mock_test', 'listening', 10, 1, 0.00, 2, TRUE, '/test/audio.mp3'),
('130e8400-e29b-41d4-a716-446655440014', NULL, '300e8400-e29b-41d4-a716-446655440003', 'Listening Section 3', 'Listen to the conversation and answer questions 21-30', '{"audio_url": "/test/audio.mp3", "audio_duration": 600, "transcript": "You will hear a conversation between..."}', 'mock_test', 'listening', 10, 1, 0.00, 3, TRUE, '/test/audio.mp3'),
('130e8400-e29b-41d4-a716-446655440015', NULL, '300e8400-e29b-41d4-a716-446655440003', 'Listening Section 4', 'Listen to the lecture and answer questions 31-40', '{"audio_url": "/test/audio.mp3", "audio_duration": 600, "transcript": "You will hear an academic lecture about..."}', 'mock_test', 'listening', 10, 1, 0.00, 4, TRUE, '/test/audio.mp3'),
('130e8400-e29b-41d4-a716-446655440016', NULL, '300e8400-e29b-41d4-a716-446655440004', 'Speaking Part 1', 'Answer personal questions about yourself', '{"questions": ["What is your name?", "Where are you from?", "What do you do?"], "topic": "Personal information and familiar topics"}', 'mock_test', 'speaking', 5, 1, 0.00, 1, TRUE, NULL),
('130e8400-e29b-41d4-a716-446655440017', NULL, '300e8400-e29b-41d4-a716-446655440004', 'Speaking Part 2', 'Speak about the given topic for 2 minutes', '{"topic": "Describe a book you recently read", "cue_card": true, "points": ["What book it was", "When you read it", "What it was about", "Why you liked it"]}', 'mock_test', 'speaking', 2, 1, 0.00, 2, TRUE, NULL),
('130e8400-e29b-41d4-a716-446655440018', NULL, '300e8400-e29b-41d4-a716-446655440004', 'Speaking Part 3', 'Discuss abstract topics related to Part 2', '{"questions": ["How has reading changed?", "What are the benefits of reading?"], "topic": "Reading and literature"}', 'mock_test', 'speaking', 5, 1, 0.00, 3, TRUE, NULL);

-- Insert sample questions
INSERT INTO questions (id, exercise_id, question_text, question_type, image_url, audio_url, audio_duration, reading_passage, explanation, points, ordering, difficulty_level, question_group) VALUES
-- Lesson questions
('140e8400-e29b-41d4-a716-446655440001', '130e8400-e29b-41d4-a716-446655440001', 'What is the main idea of the passage?', 'multiple_choice', NULL, NULL, NULL, 'Climate change is one of the most pressing issues facing humanity today...', 'The main idea is found in the first paragraph', 1.00, 1, 6.0, 'Passage 1'),
('140e8400-e29b-41d4-a716-446655440002', '130e8400-e29b-41d4-a716-446655440001', 'According to the text, which statement is true?', 'multiple_choice', NULL, NULL, NULL, NULL, 'Look for supporting evidence in paragraph 2', 1.00, 1, 6.5, 'Passage 1'),
('140e8400-e29b-41d4-a716-446655440003', '130e8400-e29b-41d4-a716-446655440002', 'The passage discusses environmental issues.', 'true_false', NULL, NULL, NULL, 'Environmental protection has become increasingly important...', 'Check the topic sentences of each paragraph', 1.00, 1, 5.5, 'Statement 1'),
('140e8400-e29b-41d4-a716-446655440004', '130e8400-e29b-41d4-a716-446655440003', 'Tell me about your hometown.', 'speaking', NULL, NULL, NULL, NULL, 'Mention location, size, characteristics, and what you like about it', 0.00, 1, 5.0, 'Part 1'),
('140e8400-e29b-41d4-a716-446655440005', '130e8400-e29b-41d4-a716-446655440005', 'Describe the main trend shown in the chart.', 'essay', '/images/default_image.jpg', NULL, NULL, NULL, 'Start with an overview of the main trend', 0.00, 1, 7.0, 'Task 1'),
('140e8400-e29b-41d4-a716-446655440006', '130e8400-e29b-41d4-a716-446655440006', 'What is the speakers main concern?', 'multiple_choice', NULL, '/images/default_image.jpg3', 300, NULL, 'Listen for key phrases that indicate concern', 1.00, 1, 6.5, 'Section 1'),

-- Mock test questions
('140e8400-e29b-41d4-a716-446655440007', '130e8400-e29b-41d4-a716-446655440007', 'What is the main purpose of the passage?', 'multiple_choice', NULL, NULL, NULL, 'The development of renewable energy sources has accelerated significantly...', 'Look for the main purpose in the introduction', 1.00, 1, 6.5, 'Passage 1'),
('140e8400-e29b-41d4-a716-446655440008', '130e8400-e29b-41d4-a716-446655440007', 'Complete the sentence: Solar energy is considered...', 'fill_blank', NULL, NULL, NULL, NULL, 'Look for the adjective describing solar energy', 1.00, 1, 6.0, 'Passage 1'),
('140e8400-e29b-41d4-a716-446655440009', '130e8400-e29b-41d4-a716-446655440008', 'Match the following statements with the correct paragraph.', 'matching', NULL, NULL, NULL, 'Wind energy has become increasingly popular...', 'Read each paragraph carefully to match statements', 1.00, 1, 7.0, 'Passage 2'),
('140e8400-e29b-41d4-a716-446655440010', '130e8400-e29b-41d4-a716-446655440010', 'Summarize the information in the chart.', 'essay', '/images/default_image.jpg', NULL, NULL, NULL, 'Write at least 150 words describing the chart', 0.00, 1, 7.0, 'Task 1'),
('140e8400-e29b-41d4-a716-446655440011', '130e8400-e29b-41d4-a716-446655440011', 'Write an essay discussing both views.', 'essay', NULL, NULL, NULL, NULL, 'Write at least 250 words with clear structure', 0.00, 1, 7.5, 'Task 2'),
('140e8400-e29b-41d4-a716-446655440012', '130e8400-e29b-41d4-a716-446655440012', 'What is the woman looking for?', 'multiple_choice', NULL, '/images/default_image.jpg3', 300, NULL, 'Listen carefully to the conversation', 1.00, 1, 6.0, 'Section 1'),
('140e8400-e29b-41d4-a716-446655440013', '130e8400-e29b-41d4-a716-446655440012', 'Complete the form with the correct information.', 'fill_blank', NULL, '/images/default_image.jpg3', 300, NULL, 'Listen for specific details', 1.00, 1, 6.5, 'Section 1'),
('140e8400-e29b-41d4-a716-446655440014', '130e8400-e29b-41d4-a716-446655440016', 'What is your name?', 'speaking', NULL, NULL, NULL, NULL, 'Give your full name clearly', 0.00, 1, 5.0, 'Part 1'),
('140e8400-e29b-41d4-a716-446655440015', '130e8400-e29b-41d4-a716-446655440016', 'Where are you from?', 'speaking', NULL, NULL, NULL, NULL, 'Mention your hometown and country', 0.00, 1, 5.0, 'Part 1'),
('140e8400-e29b-41d4-a716-446655440016', '130e8400-e29b-41d4-a716-446655440017', 'Describe a book you recently read.', 'speaking', NULL, NULL, NULL, NULL, 'Speak for 2 minutes about the book', 0.00, 1, 6.5, 'Part 2'),
('140e8400-e29b-41d4-a716-446655440017', '130e8400-e29b-41d4-a716-446655440018', 'How has reading changed in recent years?', 'speaking', NULL, NULL, NULL, NULL, 'Discuss the topic in detail', 0.00, 1, 7.0, 'Part 3');

-- Insert sample question options
INSERT INTO question_options (id, question_id, option_text, is_correct, ordering, explanation, point) VALUES
('150e8400-e29b-41d4-a716-446655440001', '140e8400-e29b-41d4-a716-446655440001', 'Climate change and its effects', TRUE, 1, 'This is mentioned as the central theme', 1.00),
('150e8400-e29b-41d4-a716-446655440002', '140e8400-e29b-41d4-a716-446655440001', 'Economic development strategies', FALSE, 2, 'This is only briefly mentioned', 0.00),
('150e8400-e29b-41d4-a716-446655440003', '140e8400-e29b-41d4-a716-446655440001', 'Political reform movements', FALSE, 3, 'Not discussed in the passage', 0.00),
('150e8400-e29b-41d4-a716-446655440004', '140e8400-e29b-41d4-a716-446655440002', 'Technology improves education quality', TRUE, 1, 'Supported by examples in paragraph 2', 1.00),
('150e8400-e29b-41d4-a716-446655440005', '140e8400-e29b-41d4-a716-446655440002', 'Traditional methods are outdated', FALSE, 2, 'The text suggests balance, not replacement', 0.00),
('150e8400-e29b-41d4-a716-446655440006', '140e8400-e29b-41d4-a716-446655440006', 'Traffic congestion in the city', TRUE, 1, 'Mentioned repeatedly throughout the audio', 1.00);

-- Insert sample orders
INSERT INTO orders (id, user_id, order_code, total_amount, discount_amount, final_amount, status, payment_method, payment_status) VALUES
('200e8400-e29b-41d4-a716-446655440001', '550e8400-e29b-41d4-a716-446655440004', 'ORD001', 2500000, 700000, 1800000, 'completed', 'zalopay', 'completed'),
('200e8400-e29b-41d4-a716-446655440002', '550e8400-e29b-41d4-a716-446655440005', 'ORD002', 2200000, 550000, 1650000, 'completed', 'stripe', 'completed'),
('200e8400-e29b-41d4-a716-446655440003', '550e8400-e29b-41d4-a716-446655440006', 'ORD003', 2800000, 700000, 2100000, 'completed', 'zalopay', 'completed'),
('200e8400-e29b-41d4-a716-446655440004', '550e8400-e29b-41d4-a716-446655440004', 'ORD004', 6500000, 0, 6500000, 'pending', 'stripe', 'pending'),
('200e8400-e29b-41d4-a716-446655440005', '550e8400-e29b-41d4-a716-446655440005', 'ORD005', 5200000, 300000, 4900000, 'completed', 'zalopay', 'completed'),
('200e8400-e29b-41d4-a716-446655440006', '550e8400-e29b-41d4-a716-446655440006', 'ORD006', 1800000, 450000, 1350000, 'failed', 'stripe', 'failed'),
('200e8400-e29b-41d4-a716-446655440007', '550e8400-e29b-41d4-a716-446655440004', 'ORD007', 3000000, 200000, 2800000, 'completed', 'zalopay', 'completed'),
('200e8400-e29b-41d4-a716-446655440008', '550e8400-e29b-41d4-a716-446655440005', 'ORD008', 4800000, 150000, 4650000, 'completed', 'stripe', 'completed'),
('200e8400-e29b-41d4-a716-446655440009', '550e8400-e29b-41d4-a716-446655440006', 'ORD009', 3800000, 300000, 3500000, 'completed', 'zalopay', 'completed'),
('200e8400-e29b-41d4-a716-446655440010', '550e8400-e29b-41d4-a716-446655440004', 'ORD010', 3200000, 0, 3200000, 'pending', 'stripe', 'pending'),
('200e8400-e29b-41d4-a716-446655440011', '550e8400-e29b-41d4-a716-446655440005', 'ORD011', 5800000, 400000, 5400000, 'completed', 'zalopay', 'completed'),
('200e8400-e29b-41d4-a716-446655440012', '550e8400-e29b-41d4-a716-446655440006', 'ORD012', 2800000, 200000, 2600000, 'completed', 'stripe', 'completed');

-- Insert sample order items
INSERT INTO order_items (id, order_id, course_id, course_title, combo_id, combo_name, item_type, price, discount_amount) VALUES
('210e8400-e29b-41d4-a716-446655440001', '200e8400-e29b-41d4-a716-446655440001', '950e8400-e29b-41d4-a716-446655440001', 'IELTS Reading Mastery', NULL, NULL, 'course', 2500000, 700000),
('210e8400-e29b-41d4-a716-446655440002', '200e8400-e29b-41d4-a716-446655440002', '950e8400-e29b-41d4-a716-446655440002', 'IELTS Speaking Confidence', NULL, NULL, 'course', 2200000, 550000),
('210e8400-e29b-41d4-a716-446655440003', '200e8400-e29b-41d4-a716-446655440003', '950e8400-e29b-41d4-a716-446655440003', 'Academic Writing Mastery', NULL, NULL, 'course', 2800000, 700000),
('210e8400-e29b-41d4-a716-446655440004', '200e8400-e29b-41d4-a716-446655440004', NULL, NULL, '850e8400-e29b-41d4-a716-446655440001', '3.5 - 5.0', 'combo', 6500000, 0),
('210e8400-e29b-41d4-a716-446655440005', '200e8400-e29b-41d4-a716-446655440005', NULL, NULL, '850e8400-e29b-41d4-a716-446655440002', '5.0 - 6.0', 'combo', 5200000, 300000),
('210e8400-e29b-41d4-a716-446655440006', '200e8400-e29b-41d4-a716-446655440006', '950e8400-e29b-41d4-a716-446655440006', 'IELTS Mock Test Series', NULL, NULL, 'course', 1800000, 450000),
('210e8400-e29b-41d4-a716-446655440007', '200e8400-e29b-41d4-a716-446655440001', NULL, NULL, '850e8400-e29b-41d4-a716-446655440003', '6.0 - 7.0', 'combo', 4800000, 200000),
('210e8400-e29b-41d4-a716-446655440008', '200e8400-e29b-41d4-a716-446655440002', NULL, NULL, '850e8400-e29b-41d4-a716-446655440004', '7.0 - 8.0', 'combo', 3800000, 150000),
('210e8400-e29b-41d4-a716-446655440009', '200e8400-e29b-41d4-a716-446655440003', NULL, NULL, '850e8400-e29b-41d4-a716-446655440005', '3.0 - 4.0', 'combo', 5800000, 300000),
('210e8400-e29b-41d4-a716-446655440010', '200e8400-e29b-41d4-a716-446655440004', NULL, NULL, '850e8400-e29b-41d4-a716-446655440006', '4.0 - 5.0', 'combo', 5500000, 0),
('210e8400-e29b-41d4-a716-446655440011', '200e8400-e29b-41d4-a716-446655440005', NULL, NULL, '850e8400-e29b-41d4-a716-446655440007', '5.0 - 6.0', 'combo', 5000000, 400000),
('210e8400-e29b-41d4-a716-446655440012', '200e8400-e29b-41d4-a716-446655440006', NULL, NULL, '850e8400-e29b-41d4-a716-446655440008', '6.0 - 7.0', 'combo', 4500000, 200000);

-- Insert sample payments
INSERT INTO payments (id, order_id, payment_method, transaction_id, amount, currency, status, processed_at) VALUES
('220e8400-e29b-41d4-a716-446655440001', '200e8400-e29b-41d4-a716-446655440001', 'zalopay', 'ZP_TXN_001', 1800000, 'VND', 'completed', NOW() - INTERVAL '25 days'),
('220e8400-e29b-41d4-a716-446655440002', '200e8400-e29b-41d4-a716-446655440002', 'stripe', 'pi_stripe_001', 1650000, 'VND', 'completed', NOW() - INTERVAL '20 days'),
('220e8400-e29b-41d4-a716-446655440003', '200e8400-e29b-41d4-a716-446655440003', 'zalopay', 'ZP_TXN_002', 2100000, 'VND', 'completed', NOW() - INTERVAL '30 days'),
('220e8400-e29b-41d4-a716-446655440004', '200e8400-e29b-41d4-a716-446655440004', 'stripe', NULL, 6500000, 'VND', 'pending', NULL),
('220e8400-e29b-41d4-a716-446655440005', '200e8400-e29b-41d4-a716-446655440005', 'zalopay', 'ZP_TXN_003', 4900000, 'VND', 'completed', NOW() - INTERVAL '15 days'),
('220e8400-e29b-41d4-a716-446655440006', '200e8400-e29b-41d4-a716-446655440006', 'stripe', 'pi_stripe_failed', 1350000, 'VND', 'failed', NOW() - INTERVAL '10 days'),
('220e8400-e29b-41d4-a716-446655440007', '200e8400-e29b-41d4-a716-446655440007', 'zalopay', 'ZP_TXN_004', 2800000, 'VND', 'completed', NOW() - INTERVAL '18 days'),
('220e8400-e29b-41d4-a716-446655440008', '200e8400-e29b-41d4-a716-446655440008', 'stripe', 'pi_stripe_002', 4650000, 'VND', 'completed', NOW() - INTERVAL '12 days'),
('220e8400-e29b-41d4-a716-446655440009', '200e8400-e29b-41d4-a716-446655440009', 'zalopay', 'ZP_TXN_005', 3500000, 'VND', 'completed', NOW() - INTERVAL '8 days'),
('220e8400-e29b-41d4-a716-446655440010', '200e8400-e29b-41d4-a716-446655440010', 'stripe', NULL, 3200000, 'VND', 'pending', NULL),
('220e8400-e29b-41d4-a716-446655440011', '200e8400-e29b-41d4-a716-446655440011', 'zalopay', 'ZP_TXN_006', 5400000, 'VND', 'completed', NOW() - INTERVAL '5 days'),
('220e8400-e29b-41d4-a716-446655440012', '200e8400-e29b-41d4-a716-446655440012', 'stripe', 'pi_stripe_003', 2600000, 'VND', 'completed', NOW() - INTERVAL '3 days');

-- Insert sample coupons
INSERT INTO coupons (id, code, name, description, coupon_type, discount_type, discount_value, minimum_amount, maximum_discount, usage_limit, used_count, valid_from, valid_until, is_active, created_by) VALUES
('230e8400-e29b-41d4-a716-446655440001', 'WELCOME300', 'Welcome Bonus', '300,000 VND off for new students', 'course', 'fixed_amount', 300000, 1000000, 300000, 100, 45, NOW() - INTERVAL '30 days', NOW() + INTERVAL '60 days', TRUE, '550e8400-e29b-41d4-a716-446655440001'),
('230e8400-e29b-41d4-a716-446655440002', 'STUDENT25', 'Student Discount', '25% off all courses', 'course', 'percentage', 25.00, 800000, 800000, 200, 78, NOW() - INTERVAL '45 days', NOW() + INTERVAL '90 days', TRUE, '550e8400-e29b-41d4-a716-446655440001'),
('230e8400-e29b-41d4-a716-446655440003', 'COMBO500', 'Combo Special', '500,000 VND off combo courses', 'combo', 'fixed_amount', 500000, 3000000, 500000, 50, 23, NOW() - INTERVAL '20 days', NOW() + INTERVAL '40 days', TRUE, '550e8400-e29b-41d4-a716-446655440001'),
('230e8400-e29b-41d4-a716-446655440004', 'FLASH50', 'Flash Sale', '50% off selected courses', 'course', 'percentage', 50.00, 1500000, 1500000, 30, 28, NOW() - INTERVAL '10 days', NOW() + INTERVAL '5 days', TRUE, '550e8400-e29b-41d4-a716-446655440001'),
('230e8400-e29b-41d4-a716-446655440005', 'EARLYBIRD', 'Early Bird Special', '20% off for early enrollment', 'course', 'percentage', 20.00, 1000000, 600000, 150, 67, NOW() - INTERVAL '60 days', NOW() + INTERVAL '30 days', TRUE, '550e8400-e29b-41d4-a716-446655440001'),
('230e8400-e29b-41d4-a716-446655440006', 'ACADEMIC15', 'Academic Discount', '15% off academic courses', 'course', 'percentage', 15.00, 2000000, 500000, 75, 34, NOW() - INTERVAL '40 days', NOW() + INTERVAL '50 days', TRUE, '550e8400-e29b-41d4-a716-446655440001');

-- Insert sample coupon usage
INSERT INTO coupon_usage (id, coupon_id, user_id, order_id, combo_id, discount_amount, used_at) VALUES
('240e8400-e29b-41d4-a716-446655440001', '230e8400-e29b-41d4-a716-446655440002', '550e8400-e29b-41d4-a716-446655440004', '200e8400-e29b-41d4-a716-446655440001', NULL, 700000, NOW() - INTERVAL '25 days'),
('240e8400-e29b-41d4-a716-446655440002', '230e8400-e29b-41d4-a716-446655440002', '550e8400-e29b-41d4-a716-446655440005', '200e8400-e29b-41d4-a716-446655440002', NULL, 550000, NOW() - INTERVAL '20 days'),
('240e8400-e29b-41d4-a716-446655440003', '230e8400-e29b-41d4-a716-446655440002', '550e8400-e29b-41d4-a716-446655440006', '200e8400-e29b-41d4-a716-446655440003', NULL, 700000, NOW() - INTERVAL '30 days'),
('240e8400-e29b-41d4-a716-446655440004', '230e8400-e29b-41d4-a716-446655440003', '550e8400-e29b-41d4-a716-446655440005', '200e8400-e29b-41d4-a716-446655440005', '850e8400-e29b-41d4-a716-446655440002', 300000, NOW() - INTERVAL '15 days'),
('240e8400-e29b-41d4-a716-446655440005', '230e8400-e29b-41d4-a716-446655440004', '550e8400-e29b-41d4-a716-446655440006', '200e8400-e29b-41d4-a716-446655440006', NULL, 450000, NOW() - INTERVAL '10 days');

-- Insert sample user submissions
INSERT INTO user_submissions (id, user_id, exercise_id, attempt_number, answers, score, max_score, time_taken, feedback, teacher_feedback, teacher_score, ai_feedback, ai_score, grading_method, graded_by, graded_at, ai_graded_at, status) VALUES
('320e8400-e29b-41d4-a716-446655440001', '550e8400-e29b-41d4-a716-446655440004', '130e8400-e29b-41d4-a716-446655440001', 1, '{"1": "A", "2": "B"}', 2.0, 2.0, 1800, 'Good work on reading comprehension', 'Excellent performance. Keep practicing vocabulary.', 2.0, 'Good reading skills. Work on time management.', 2.0, 'hybrid', '350e8400-e29b-41d4-a716-446655440001', NOW() - INTERVAL '2 days', NOW() - INTERVAL '2 days', 'graded'),
('320e8400-e29b-41d4-a716-446655440002', '550e8400-e29b-41d4-a716-446655440005', '130e8400-e29b-41d4-a716-446655440003', 1, '{"answer": "My hometown is Ho Chi Minh City..."}', 0.0, 0.0, 600, 'Good fluency and pronunciation', 'Confident speaking. Develop ideas more.', 0.0, 'Good fluency. Work on vocabulary range.', 0.0, 'hybrid', '350e8400-e29b-41d4-a716-446655440002', NOW() - INTERVAL '1 day', NOW() - INTERVAL '1 day', 'graded'),
('320e8400-e29b-41d4-a716-446655440003', '550e8400-e29b-41d4-a716-446655440006', '130e8400-e29b-41d4-a716-446655440005', 1, '{"task1": "The chart shows the percentage of..."}', 0.0, 0.0, 3600, 'Well-structured response', 'Good organization. Improve grammar accuracy.', 0.0, 'Good structure. Needs more complex vocabulary.', 0.0, 'ai', NULL, NULL, NOW() - INTERVAL '3 days', 'ai_graded'),
('320e8400-e29b-41d4-a716-446655440004', '550e8400-e29b-41d4-a716-446655440004', '130e8400-e29b-41d4-a716-446655440007', 1, '{"1": "A", "2": "B", "3": "C"}', 3.0, 3.0, 1200, 'Good performance in mock test', 'Excellent work on Passage 1.', 3.0, 'Strong reading comprehension.', 3.0, 'hybrid', '350e8400-e29b-41d4-a716-446655440001', NOW() - INTERVAL '1 day', NOW() - INTERVAL '1 day', 'graded'),
('320e8400-e29b-41d4-a716-446655440005', '550e8400-e29b-41d4-a716-446655440005', '130e8400-e29b-41d4-a716-446655440010', 1, '{"task1": "The bar chart illustrates..."}', 0.0, 0.0, 1200, 'Good description of the chart', 'Well-organized Task 1 response.', 0.0, 'Good overview. Work on data analysis.', 0.0, 'teacher', '350e8400-e29b-41d4-a716-446655440002', NOW() - INTERVAL '2 days', NULL, 'graded');

-- Insert sample question answers
INSERT INTO question_answers (id, submission_id, question_id, answer_text, selected_options, media_url, is_correct, points_earned, ai_feedback, ai_points, teacher_feedback, teacher_points, grading_method) VALUES
('330e8400-e29b-41d4-a716-446655440001', '320e8400-e29b-41d4-a716-446655440001', '140e8400-e29b-41d4-a716-446655440001', NULL, ARRAY['150e8400-e29b-41d4-a716-446655440001']::uuid[], NULL, TRUE, 1.0, 'Correct answer. Good comprehension.', 1.0, 'Well done!', 1.0, 'hybrid'),
('330e8400-e29b-41d4-a716-446655440002', '320e8400-e29b-41d4-a716-446655440001', '140e8400-e29b-41d4-a716-446655440002', NULL, ARRAY['150e8400-e29b-41d4-a716-446655440004']::uuid[], NULL, TRUE, 1.0, 'Correct answer. Good analysis.', 1.0, 'Excellent!', 1.0, 'hybrid'),
('330e8400-e29b-41d4-a716-446655440003', '320e8400-e29b-41d4-a716-446655440002', '140e8400-e29b-41d4-a716-446655440004', 'My hometown is Ho Chi Minh City, which is the largest city in Vietnam. It is located in the south of the country and has a population of about 9 million people. I like living here because it is very dynamic and has many opportunities for work and study.', NULL, '/images/default_image.jpg3', NULL, 0.0, 'Good fluency and pronunciation. Develop ideas more.', 0.0, 'Confident speaking. Work on vocabulary range.', 0.0, 'hybrid'),
('330e8400-e29b-41d4-a716-446655440004', '320e8400-e29b-41d4-a716-446655440003', '140e8400-e29b-41d4-a716-446655440005', 'The chart shows the percentage of renewable energy sources used in different countries in 2020. Overall, Germany had the highest percentage at 45%, followed by Denmark at 40%. The lowest percentage was in Japan at 15%.', NULL, NULL, NULL, 0.0, 'Good overview. Work on data analysis and vocabulary.', 0.0, 'Well-structured response. Improve grammar.', 0.0, 'ai'),
('330e8400-e29b-41d4-a716-446655440005', '320e8400-e29b-41d4-a716-446655440004', '140e8400-e29b-41d4-a716-446655440007', NULL, ARRAY['150e8400-e29b-41d4-a716-446655440001']::uuid[], NULL, TRUE, 1.0, 'Correct answer. Good reading skills.', 1.0, 'Excellent work!', 1.0, 'hybrid'),
('330e8400-e29b-41d4-a716-446655440006', '320e8400-e29b-41d4-a716-446655440004', '140e8400-e29b-41d4-a716-446655440008', 'sustainable', NULL, NULL, TRUE, 1.0, 'Correct answer. Good vocabulary.', 1.0, 'Perfect!', 1.0, 'hybrid'),
('330e8400-e29b-41d4-a716-446655440007', '320e8400-e29b-41d4-a716-446655440004', '140e8400-e29b-41d4-a716-446655440009', NULL, ARRAY['150e8400-e29b-41d4-a716-446655440001']::uuid[], NULL, TRUE, 1.0, 'Correct matching. Good comprehension.', 1.0, 'Well done!', 1.0, 'hybrid'),
('330e8400-e29b-41d4-a716-446655440008', '320e8400-e29b-41d4-a716-446655440005', '140e8400-e29b-41d4-a716-446655440010', 'The bar chart illustrates the percentage of renewable energy sources used in different countries in 2020. Overall, Germany had the highest percentage at 45%, followed by Denmark at 40%. The lowest percentage was in Japan at 15%.', NULL, NULL, NULL, 0.0, 'Good overview. Work on data analysis.', 0.0, 'Well-organized Task 1 response.', 0.0, 'teacher');

-- Insert sample blog categories
INSERT INTO blog_categories (id, name, slug, description, ordering, is_active) VALUES
('170e8400-e29b-41d4-a716-446655440001', 'IELTS Tips', 'ielts-tips', 'Useful tips and strategies for IELTS preparation', 1, TRUE),
('170e8400-e29b-41d4-a716-446655440002', 'Study Abroad', 'study-abroad', 'Information about studying overseas', 2, TRUE),
('170e8400-e29b-41d4-a716-446655440003', 'Test Experience', 'test-experience', 'Real IELTS test experiences from students', 3, TRUE),
('170e8400-e29b-41d4-a716-446655440004', 'Grammar Guide', 'grammar-guide', 'Grammar lessons for IELTS preparation', 4, TRUE),
('170e8400-e29b-41d4-a716-446655440005', 'Vocabulary', 'vocabulary', 'IELTS vocabulary building resources', 5, TRUE),
('170e8400-e29b-41d4-a716-446655440006', 'Success Stories', 'success-stories', 'Student success stories and achievements', 6, TRUE);

-- Insert sample blogs
INSERT INTO blogs (id, author_id, category_id, title, content, image, tags, status, is_featured, like_count, published_at) VALUES
('180e8400-e29b-41d4-a716-446655440001', '550e8400-e29b-41d4-a716-446655440002', '170e8400-e29b-41d4-a716-446655440001', '10 Essential IELTS Reading Tips', 'Reading is often considered one of the most manageable sections of the IELTS test...', '/images/default_image.jpg', ARRAY['reading', 'tips', 'strategy'], 'published', TRUE, 234, NOW() - INTERVAL '15 days'),
('180e8400-e29b-41d4-a716-446655440002', '550e8400-e29b-41d4-a716-446655440003', '170e8400-e29b-41d4-a716-446655440001', 'How to Improve Your IELTS Speaking Score', 'Speaking can be the most challenging part for many IELTS candidates...', '/images/default_image.jpg', ARRAY['speaking', 'improvement', 'confidence'], 'published', FALSE, 178, NOW() - INTERVAL '12 days'),
('180e8400-e29b-41d4-a716-446655440003', '550e8400-e29b-41d4-a716-446655440002', '170e8400-e29b-41d4-a716-446655440002', 'Top Universities in Australia for International Students', 'Australia remains one of the most popular destinations for international students...', '/images/default_image.jpg', ARRAY['australia', 'university', 'international'], 'published', TRUE, 456, NOW() - INTERVAL '20 days'),
('180e8400-e29b-41d4-a716-446655440004', '550e8400-e29b-41d4-a716-446655440003', '170e8400-e29b-41d4-a716-446655440003', 'My IELTS Journey: From Band 5.5 to 8.0', 'I still remember the day I got my first IELTS result - 5.5 overall...', '/images/default_image.jpg', ARRAY['experience', 'improvement', 'success'], 'published', FALSE, 312, NOW() - INTERVAL '8 days'),
('180e8400-e29b-41d4-a716-446655440005', '550e8400-e29b-41d4-a716-446655440002', '170e8400-e29b-41d4-a716-446655440004', 'Common Grammar Mistakes in IELTS Writing', 'Grammar accuracy is crucial for achieving a high score in IELTS Writing...', '/images/default_image.jpg', ARRAY['grammar', 'writing', 'mistakes'], 'published', TRUE, 298, NOW() - INTERVAL '25 days'),
('180e8400-e29b-41d4-a716-446655440006', '550e8400-e29b-41d4-a716-446655440003', '170e8400-e29b-41d4-a716-446655440005', '100 Advanced Vocabulary Words for IELTS', 'Building a strong vocabulary is essential for IELTS success...', '/images/default_image.jpg', ARRAY['vocabulary', 'advanced', 'wordlist'], 'published', FALSE, 567, NOW() - INTERVAL '30 days');

-- Insert additional sample courses for testing UI
INSERT INTO courses (id, teacher_id, category_id, title, description, thumbnail, skill_focus, difficulty_level, estimated_duration, price, discount_price, is_featured, enrollment_count, rating, rating_count, requirements, what_you_learn, tags, published_at) VALUES
('950e8400-e29b-41d4-a716-446655440016', '350e8400-e29b-41d4-a716-446655440001', '650e8400-e29b-41d4-a716-446655440001', 'Reading Practice with Images', 'Practice IELTS Reading with visual content and comprehensive questions', '/test/image.jpg', 'reading', 'intermediate', 30, 2000000, 1500000, FALSE, 56, 4.5, 34, ARRAY['Basic reading skills'], ARRAY['Image-based reading', 'Visual comprehension', 'Question analysis'], ARRAY['ielts', 'reading', 'practice'], NOW() - INTERVAL '20 days'),
('950e8400-e29b-41d4-a716-446655440017', '350e8400-e29b-41d4-a716-446655440002', '650e8400-e29b-41d4-a716-446655440003', 'Listening Practice with Audio', 'Comprehensive listening practice with audio files and various question types', '/test/image.jpg', 'listening', 'intermediate', 25, 1800000, 1350000, FALSE, 72, 4.6, 48, ARRAY['Basic listening skills'], ARRAY['Audio comprehension', 'Note-taking', 'Multiple question types'], ARRAY['ielts', 'listening', 'practice'], NOW() - INTERVAL '18 days'),
('950e8400-e29b-41d4-a716-446655440018', '350e8400-e29b-41d4-a716-446655440001', '650e8400-e29b-41d4-a716-446655440002', 'Writing with Visual Aids', 'Learn to describe charts, graphs, and images effectively in IELTS Writing', '/test/image.jpg', 'writing', 'advanced', 35, 2600000, 1950000, FALSE, 43, 4.7, 28, ARRAY['Intermediate writing'], ARRAY['Chart description', 'Data analysis', 'Visual interpretation'], ARRAY['ielts', 'writing', 'visual'], NOW() - INTERVAL '15 days');

-- Insert additional sample sections
INSERT INTO sections (id, course_id, title, description, ordering) VALUES
('c50e8400-e29b-41d4-a716-446655440010', '950e8400-e29b-41d4-a716-446655440016', 'Reading with Visual Content', 'Learn to analyze images and text together', 1),
('c50e8400-e29b-41d4-a716-446655440011', '950e8400-e29b-41d4-a716-446655440016', 'Advanced Reading Techniques', 'Master complex reading strategies with visual aids', 2),
('c50e8400-e29b-41d4-a716-446655440012', '950e8400-e29b-41d4-a716-446655440017', 'Listening Fundamentals', 'Basic listening skills with audio practice', 1),
('c50e8400-e29b-41d4-a716-446655440013', '950e8400-e29b-41d4-a716-446655440017', 'Advanced Listening Skills', 'Complex listening scenarios with various accents', 2),
('c50e8400-e29b-41d4-a716-446655440014', '950e8400-e29b-41d4-a716-446655440018', 'Task 1 Visual Description', 'Describing charts, graphs, and diagrams', 1),
('c50e8400-e29b-41d4-a716-446655440015', '950e8400-e29b-41d4-a716-446655440018', 'Task 2 Essay Writing', 'Advanced essay writing with visual support', 2);

-- Insert additional sample lessons with video from test folder
INSERT INTO lessons (id, section_id, title, description, lesson_type, video_url, video_duration, document_url, ordering, is_preview) VALUES
('d50e8400-e29b-41d4-a716-446655440009', 'c50e8400-e29b-41d4-a716-446655440010', 'Reading Images and Text Together', 'Learn how to analyze visual content in reading passages', 'video', '/test/video.mp4', 2400, '/images/default_image.jpg', 1, TRUE),
('d50e8400-e29b-41d4-a716-446655440010', 'c50e8400-e29b-41d4-a716-446655440011', 'Advanced Visual Reading Strategies', 'Master complex techniques for reading with images', 'video', '/test/video.mp4', 2700, '/images/default_image.jpg', 1, FALSE),
('d50e8400-e29b-41d4-a716-446655440011', 'c50e8400-e29b-41d4-a716-446655440012', 'Introduction to Audio Listening', 'Basic strategies for listening comprehension', 'video', '/test/video.mp4', 2100, '/images/default_image.jpg', 1, TRUE),
('d50e8400-e29b-41d4-a716-446655440012', 'c50e8400-e29b-41d4-a716-446655440013', 'Complex Audio Scenarios', 'Advanced listening with various accents and speeds', 'video', '/test/video.mp4', 3000, '/images/default_image.jpg', 1, FALSE),
('d50e8400-e29b-41d4-a716-446655440013', 'c50e8400-e29b-41d4-a716-446655440014', 'Describing Charts and Graphs', 'Learn to effectively describe visual data', 'video', '/test/video.mp4', 3300, '/images/default_image.jpg', 1, TRUE),
('d50e8400-e29b-41d4-a716-446655440014', 'c50e8400-e29b-41d4-a716-446655440015', 'Essay Writing with Visual Support', 'Advanced techniques for incorporating visual elements', 'video', '/test/video.mp4', 3600, '/images/default_image.jpg', 1, FALSE);

-- Insert additional sample exercises with audio and image support
INSERT INTO exercises (id, lesson_id, test_section_id, title, instruction, content, exercise_type, skill_type, time_limit, max_attempts, passing_score, ordering, is_active, audio_url) VALUES
-- Reading exercises with images
('130e8400-e29b-41d4-a716-446655440019', 'd50e8400-e29b-41d4-a716-446655440009', NULL, 'Reading Comprehension with Image', 'Read the passage and analyze the image to answer the questions', '{"passage": "The diagram shows the process of water cycle...", "image_url": "/test/image.jpg"}', 'lesson', 'reading', 30, 3, 70.00, 1, TRUE, NULL),
('130e8400-e29b-41d4-a716-446655440020', 'd50e8400-e29b-41d4-a716-446655440010', NULL, 'Advanced Reading with Visual Aids', 'Practice reading complex passages with multiple images', '{"passage": "Renewable energy sources have become increasingly important...", "images": ["/test/image.jpg"]}', 'lesson', 'reading', 35, 2, 75.00, 1, TRUE, NULL),
-- Listening exercises with audio
('130e8400-e29b-41d4-a716-446655440021', 'd50e8400-e29b-41d4-a716-446655440011', NULL, 'Listening Practice with Audio', 'Listen to the audio and answer the questions', '{"audio_url": "/test/audio.mp3", "audio_duration": 180, "transcript": "You will hear a conversation about..."}', 'lesson', 'listening', 25, 3, 65.00, 1, TRUE, '/test/audio.mp3'),
('130e8400-e29b-41d4-a716-446655440022', 'd50e8400-e29b-41d4-a716-446655440012', NULL, 'Complex Listening Scenario', 'Listen to a longer conversation and answer multiple question types', '{"audio_url": "/test/audio.mp3", "audio_duration": 300, "transcript": "You will hear a longer conversation about..."}', 'lesson', 'listening', 30, 2, 70.00, 1, TRUE, '/test/audio.mp3'),
-- Writing exercises with images
('130e8400-e29b-41d4-a716-446655440023', 'd50e8400-e29b-41d4-a716-446655440013', NULL, 'Describe the Chart', 'Write a 150-word description of the chart provided', '{"chart_url": "/test/image.jpg", "chart_type": "bar", "passage": "The bar chart illustrates the percentage of renewable energy sources used in different countries in 2020. Overall, Germany had the highest percentage at 45%, followed by Denmark at 40%."}', 'lesson', 'writing', 60, 1, 0.00, 1, TRUE, NULL),
('130e8400-e29b-41d4-a716-446655440024', 'd50e8400-e29b-41d4-a716-446655440014', NULL, 'Essay with Visual Data', 'Write an essay analyzing the provided visual data', '{"image_url": "/test/image.jpg", "essay_type": "opinion", "passage": "Some people believe that visual data is more effective than written information. Discuss both views and give your own opinion."}', 'lesson', 'writing', 60, 1, 0.00, 1, TRUE, NULL);

-- Insert additional sample questions with images and audio
INSERT INTO questions (id, exercise_id, question_text, question_type, image_url, audio_url, audio_duration, reading_passage, explanation, points, ordering, difficulty_level, question_group) VALUES
-- Reading questions with images
('140e8400-e29b-41d4-a716-446655440018', '130e8400-e29b-41d4-a716-446655440019', 'What does the diagram illustrate?', 'multiple_choice', '/test/image.jpg', NULL, NULL, 'The water cycle diagram shows how water moves through the environment...', 'Look at the diagram carefully to identify the main process shown', 1.00, 1, 6.5, 'Passage 1'),
('140e8400-e29b-41d4-a716-446655440019', '130e8400-e29b-41d4-a716-446655440019', 'According to the diagram, where does water vapor form?', 'multiple_choice', '/test/image.jpg', NULL, NULL, NULL, 'The diagram shows the formation of water vapor from oceans and lakes', 1.00, 2, 6.0, 'Passage 1'),
('140e8400-e29b-41d4-a716-446655440020', '130e8400-e29b-41d4-a716-446655440020', 'What is the main purpose of the visual aid shown in the passage?', 'multiple_choice', '/test/image.jpg', NULL, NULL, 'Renewable energy sources include solar, wind, and hydroelectric power...', 'The image supports the main idea presented in the text', 1.00, 1, 7.0, 'Passage 2'),
('140e8400-e29b-41d4-a716-446655440021', '130e8400-e29b-41d4-a716-446655440020', 'Complete the sentence: The image shows that solar energy is _____ than wind energy.', 'fill_blank', '/test/image.jpg', NULL, NULL, NULL, 'Compare the visual data shown in the image', 1.00, 2, 6.5, 'Passage 2'),
-- Listening questions with audio
('140e8400-e29b-41d4-a716-446655440022', '130e8400-e29b-41d4-a716-446655440021', 'What is the main topic of the conversation?', 'multiple_choice', NULL, '/test/audio.mp3', 180, NULL, 'Listen carefully to the introduction and main discussion points', 1.00, 1, 6.0, 'Section 1'),
('140e8400-e29b-41d4-a716-446655440023', '130e8400-e29b-41d4-a716-446655440021', 'Where does the conversation take place?', 'multiple_choice', NULL, '/test/audio.mp3', 180, NULL, 'Listen for contextual clues about the location', 1.00, 2, 5.5, 'Section 1'),
('140e8400-e29b-41d4-a716-446655440024', '130e8400-e29b-41d4-a716-446655440021', 'Complete the sentence: The speaker mentions that the event will start at _____.', 'fill_blank', NULL, '/test/audio.mp3', 180, NULL, 'Listen for specific time information', 1.00, 3, 6.5, 'Section 1'),
('140e8400-e29b-41d4-a716-446655440025', '130e8400-e29b-41d4-a716-446655440022', 'What is the speakers opinion about the topic?', 'multiple_choice', NULL, '/test/audio.mp3', 300, NULL, 'Listen for opinion markers and the speakers stance', 1.00, 1, 7.0, 'Section 2'),
('140e8400-e29b-41d4-a716-446655440026', '130e8400-e29b-41d4-a716-446655440022', 'Fill in the blank: The main advantage mentioned is _____.', 'fill_blank', NULL, '/test/audio.mp3', 300, NULL, 'Listen for specific advantages discussed', 1.00, 2, 6.5, 'Section 2'),
-- Writing questions with images
('140e8400-e29b-41d4-a716-446655440027', '130e8400-e29b-41d4-a716-446655440023', 'Describe the main trends shown in the chart.', 'essay', '/test/image.jpg', NULL, NULL, NULL, 'Start with an overview, then describe specific trends with data', 0.00, 1, 7.0, 'Task 1'),
('140e8400-e29b-41d4-a716-446655440028', '130e8400-e29b-41d4-a716-446655440024', 'Analyze the visual data and write an opinion essay.', 'essay', '/test/image.jpg', NULL, NULL, NULL, 'Use the visual data to support your opinion with clear arguments', 0.00, 1, 7.5, 'Task 2');

-- Insert additional sample question options for multiple choice questions
INSERT INTO question_options (id, question_id, option_text, is_correct, ordering, explanation, point) VALUES
-- Options for reading question 018
('150e8400-e29b-41d4-a716-446655440007', '140e8400-e29b-41d4-a716-446655440018', 'The water cycle process', TRUE, 1, 'The diagram clearly shows the water cycle', 1.00),
('150e8400-e29b-41d4-a716-446655440008', '140e8400-e29b-41d4-a716-446655440018', 'Ocean currents', FALSE, 2, 'This is not shown in the diagram', 0.00),
('150e8400-e29b-41d4-a716-446655440009', '140e8400-e29b-41d4-a716-446655440018', 'Weather patterns', FALSE, 3, 'The diagram focuses on water movement, not weather', 0.00),
('150e8400-e29b-41d4-a716-446655440010', '140e8400-e29b-41d4-a716-446655440018', 'Plant growth cycles', FALSE, 4, 'Not related to the diagram content', 0.00),
-- Options for reading question 019
('150e8400-e29b-41d4-a716-446655440011', '140e8400-e29b-41d4-a716-446655440019', 'Over oceans and lakes', TRUE, 1, 'The diagram shows water vapor forming from water bodies', 1.00),
('150e8400-e29b-41d4-a716-446655440012', '140e8400-e29b-41d4-a716-446655440019', 'In the atmosphere', FALSE, 2, 'Water vapor condenses in the atmosphere, not forms there', 0.00),
('150e8400-e29b-41d4-a716-446655440013', '140e8400-e29b-41d4-a716-446655440019', 'Underground', FALSE, 3, 'Not shown in the water cycle diagram', 0.00),
('150e8400-e29b-41d4-a716-446655440014', '140e8400-e29b-41d4-a716-446655440019', 'In plants only', FALSE, 4, 'Plants are part of the cycle but not the primary source', 0.00),
-- Options for reading question 020
('150e8400-e29b-41d4-a716-446655440015', '140e8400-e29b-41d4-a716-446655440020', 'To illustrate renewable energy sources', TRUE, 1, 'The image directly supports the passage topic', 1.00),
('150e8400-e29b-41d4-a716-446655440016', '140e8400-e29b-41d4-a716-446655440020', 'To show energy consumption', FALSE, 2, 'Not the main purpose of the visual', 0.00),
('150e8400-e29b-41d4-a716-446655440017', '140e8400-e29b-41d4-a716-446655440020', 'To compare different countries', FALSE, 3, 'The image does not show country comparisons', 0.00),
('150e8400-e29b-41d4-a716-446655440018', '140e8400-e29b-41d4-a716-446655440020', 'To explain technical processes', FALSE, 4, 'The image is more about energy types than processes', 0.00),
-- Options for listening question 022
('150e8400-e29b-41d4-a716-446655440019', '140e8400-e29b-41d4-a716-446655440022', 'University course registration', TRUE, 1, 'The conversation discusses course enrollment', 1.00),
('150e8400-e29b-41d4-a716-446655440020', '140e8400-e29b-41d4-a716-446655440022', 'Job interview', FALSE, 2, 'Not mentioned in the conversation', 0.00),
('150e8400-e29b-41d4-a716-446655440021', '140e8400-e29b-41d4-a716-446655440022', 'Travel arrangements', FALSE, 3, 'Not the topic of discussion', 0.00),
('150e8400-e29b-41d4-a716-446655440022', '140e8400-e29b-41d4-a716-446655440022', 'Restaurant booking', FALSE, 4, 'Not related to the conversation', 0.00),
-- Options for listening question 023
('150e8400-e29b-41d4-a716-446655440023', '140e8400-e29b-41d4-a716-446655440023', 'In a university office', TRUE, 1, 'Context clues suggest an academic setting', 1.00),
('150e8400-e29b-41d4-a716-446655440024', '140e8400-e29b-41d4-a716-446655440023', 'In a library', FALSE, 2, 'Not indicated in the conversation', 0.00),
('150e8400-e29b-41d4-a716-446655440025', '140e8400-e29b-41d4-a716-446655440023', 'At a caf', FALSE, 3, 'Not the setting for this conversation', 0.00),
('150e8400-e29b-41d4-a716-446655440026', '140e8400-e29b-41d4-a716-446655440023', 'On the phone', FALSE, 4, 'The conversation suggests face-to-face interaction', 0.00),
-- Options for listening question 025
('150e8400-e29b-41d4-a716-446655440027', '140e8400-e29b-41d4-a716-446655440025', 'Positive and supportive', TRUE, 1, 'The speaker expresses favorable views', 1.00),
('150e8400-e29b-41d4-a716-446655440028', '140e8400-e29b-41d4-a716-446655440025', 'Negative and critical', FALSE, 2, 'Not the tone of the speaker', 0.00),
('150e8400-e29b-41d4-a716-446655440029', '140e8400-e29b-41d4-a716-446655440025', 'Neutral and objective', FALSE, 3, 'The speaker shows personal opinion', 0.00),
('150e8400-e29b-41d4-a716-446655440030', '140e8400-e29b-41d4-a716-446655440025', 'Uncertain and hesitant', FALSE, 4, 'The speaker seems confident in their views', 0.00);

-- Insert sample test results
INSERT INTO test_results (id, user_id, mock_test_id, band_score, reading_score, writing_score, listening_score, speaking_score, time_taken, recommendations, strengths, weaknesses, status) VALUES
('190e8400-e29b-41d4-a716-446655440001', '550e8400-e29b-41d4-a716-446655440004', '160e8400-e29b-41d4-a716-446655440001', 7.0, 7.5, 6.5, 7.0, 7.0, 160, 'Focus on writing Task 2 structure and vocabulary', ARRAY['Reading comprehension', 'Listening accuracy'], ARRAY['Writing coherence', 'Complex sentence structures'], 'completed'),
('190e8400-e29b-41d4-a716-446655440002', '550e8400-e29b-41d4-a716-446655440005', '160e8400-e29b-41d4-a716-446655440002', 6.5, 6.5, 0, 0, 0, 55, 'Work on time management and vocabulary', ARRAY['Skimming and scanning'], ARRAY['Academic vocabulary', 'Question types'], 'completed'),
('190e8400-e29b-41d4-a716-446655440003', '550e8400-e29b-41d4-a716-446655440006', '160e8400-e29b-41d4-a716-446655440003', 7.5, 0, 7.5, 0, 0, 58, 'Excellent progress in writing skills', ARRAY['Task 1 description', 'Grammar accuracy'], ARRAY['Task 2 examples', 'Word count management'], 'completed'),
('190e8400-e29b-41d4-a716-446655440004', '550e8400-e29b-41d4-a716-446655440004', '160e8400-e29b-41d4-a716-446655440004', 6.0, 0, 0, 6.0, 0, 28, 'Practice with different accents', ARRAY['Note-taking skills'], ARRAY['Multiple choice questions', 'Spelling accuracy'], 'completed'),
('190e8400-e29b-41d4-a716-446655440005', '550e8400-e29b-41d4-a716-446655440005', '160e8400-e29b-41d4-a716-446655440005', 6.5, 0, 0, 0, 6.5, 14, 'Build confidence and fluency', ARRAY['Pronunciation', 'Part 1 responses'], ARRAY['Part 2 development', 'Part 3 analysis'], 'completed'),
('190e8400-e29b-41d4-a716-446655440006', '550e8400-e29b-41d4-a716-446655440006', '160e8400-e29b-41d4-a716-446655440006', 5.5, 6.0, 5.0, 5.5, 6.0, 145, 'Focus on writing improvement', ARRAY['Speaking fluency', 'Reading speed'], ARRAY['Writing task achievement', 'Grammar range'], 'completed');

-- Insert sample section results
INSERT INTO section_results (id, test_result_id, test_section_id, band_score, time_taken, correct_answers, total_questions, detailed_answers, ai_feedback, ai_score, teacher_feedback, teacher_score, grading_method, graded_by, graded_at) VALUES
-- Full test section results
('310e8400-e29b-41d4-a716-446655440001', '190e8400-e29b-41d4-a716-446655440001', '300e8400-e29b-41d4-a716-446655440001', 7.5, 3600, 30, 40, '{"answers": {"1": "A", "2": "B", "3": "C"}}', 'Good reading comprehension skills. Work on time management.', 7.5, 'Excellent performance in reading. Focus on vocabulary.', 7.5, 'hybrid', '350e8400-e29b-41d4-a716-446655440001', NOW() - INTERVAL '5 days'),
('310e8400-e29b-41d4-a716-446655440002', '190e8400-e29b-41d4-a716-446655440001', '300e8400-e29b-41d4-a716-446655440002', 6.5, 3600, 0, 2, '{"task1": "The chart shows...", "task2": "Some people believe..."}', 'Good structure but needs more complex vocabulary.', 6.5, 'Well-organized essays. Improve grammar accuracy.', 6.5, 'hybrid', '350e8400-e29b-41d4-a716-446655440001', NOW() - INTERVAL '5 days'),
('310e8400-e29b-41d4-a716-446655440003', '190e8400-e29b-41d4-a716-446655440001', '300e8400-e29b-41d4-a716-446655440003', 7.0, 1800, 28, 40, '{"answers": {"1": "library", "2": "student"}}', 'Good listening skills. Practice with different accents.', 7.0, 'Strong listening comprehension.', 7.0, 'hybrid', '350e8400-e29b-41d4-a716-446655440001', NOW() - INTERVAL '5 days'),
('310e8400-e29b-41d4-a716-446655440004', '190e8400-e29b-41d4-a716-446655440001', '300e8400-e29b-41d4-a716-446655440004', 7.0, 900, 0, 3, '{"part1": "My name is...", "part2": "I would like to describe...", "part3": "I think that..."}', 'Good fluency and pronunciation. Develop ideas more.', 7.0, 'Confident speaking. Work on Part 3 depth.', 7.0, 'hybrid', '350e8400-e29b-41d4-a716-446655440001', NOW() - INTERVAL '5 days'),

-- Reading only test section results
('310e8400-e29b-41d4-a716-446655440005', '190e8400-e29b-41d4-a716-446655440002', '300e8400-e29b-41d4-a716-446655440005', 6.5, 1200, 10, 13, '{"answers": {"1": "A", "2": "B"}}', 'Good skimming skills. Work on vocabulary.', 6.5, 'Solid performance in Passage 1.', 6.5, 'hybrid', '350e8400-e29b-41d4-a716-446655440001', NOW() - INTERVAL '3 days'),
('310e8400-e29b-41d4-a716-446655440006', '190e8400-e29b-41d4-a716-446655440002', '300e8400-e29b-41d4-a716-446655440006', 6.5, 1200, 9, 13, '{"answers": {"14": "C", "15": "A"}}', 'Good comprehension. Time management needs improvement.', 6.5, 'Well done on Passage 2.', 6.5, 'hybrid', '350e8400-e29b-41d4-a716-446655440001', NOW() - INTERVAL '3 days'),
('310e8400-e29b-41d4-a716-446655440007', '190e8400-e29b-41d4-a716-446655440002', '300e8400-e29b-41d4-a716-446655440007', 6.5, 1200, 8, 14, '{"answers": {"27": "B", "28": "A"}}', 'Challenging passage handled well.', 6.5, 'Good effort on the most difficult passage.', 6.5, 'hybrid', '350e8400-e29b-41d4-a716-446655440001', NOW() - INTERVAL '3 days');

-- Insert exercises for new lessons
INSERT INTO exercises (id, lesson_id, test_section_id, title, instruction, content, exercise_type, skill_type, time_limit, max_attempts, passing_score, ordering, is_active, audio_url) VALUES
-- Exercises for new lessons
('130e8400-e29b-41d4-a716-446655440025', 'd50e8400-e29b-41d4-a716-446655440015', NULL, 'Grammar Practice Exercise', 'Complete the sentences with correct grammar', '{"description": "Practice essential grammar rules for IELTS", "passage": "Grammar is fundamental to effective communication in English. Understanding sentence structure, verb tenses, and word order is crucial for achieving a high IELTS score."}', 'lesson', 'reading', 20, 3, 70.00, 1, TRUE, NULL),
('130e8400-e29b-41d4-a716-446655440026', 'd50e8400-e29b-41d4-a716-446655440016', NULL, 'Vocabulary Building Exercise', 'Learn and practice advanced vocabulary', '{"description": "Build your academic vocabulary", "passage": "Academic vocabulary is essential for success in IELTS. Words such as ''analyze'', ''evaluate'', ''demonstrate'', and ''illustrate'' are commonly used in academic contexts and can significantly improve your writing and speaking scores."}', 'lesson', 'reading', 25, 2, 75.00, 1, TRUE, NULL),
('130e8400-e29b-41d4-a716-446655440027', 'd50e8400-e29b-41d4-a716-446655440017', NULL, 'Pronunciation Practice', 'Record and practice pronunciation', '{"description": "Practice pronunciation for IELTS Speaking", "topic": "Pronunciation and stress patterns", "instructions": "Focus on word stress, sentence stress, and intonation patterns. Practice pronouncing difficult sounds and pay attention to connected speech."}', 'lesson', 'speaking', 15, 2, 0.00, 1, TRUE, NULL),
('130e8400-e29b-41d4-a716-446655440028', 'd50e8400-e29b-41d4-a716-446655440018', NULL, 'Reading Time Management', 'Practice reading with time constraints', '{"description": "Improve your reading speed and time management", "passage": "Time management is crucial for IELTS Reading. You have 60 minutes to read three passages and answer 40 questions. Effective strategies include skimming for main ideas, scanning for specific information, and managing your time wisely across all three passages."}', 'lesson', 'reading', 30, 3, 70.00, 1, TRUE, NULL),
('130e8400-e29b-41d4-a716-446655440029', 'd50e8400-e29b-41d4-a716-446655440019', NULL, 'Task 1 Chart Description Practice', 'Describe charts and graphs effectively', '{"description": "Master Task 1 chart descriptions", "chart_url": "/test/image.jpg", "chart_type": "bar", "passage": "The bar chart illustrates the percentage of renewable energy sources used in different countries in 2020. Overall, Germany had the highest percentage at 45%, followed by Denmark at 40%, and the United Kingdom at 35%. Japan had the lowest percentage at 15%. The chart demonstrates the varying levels of renewable energy adoption across different nations."}', 'lesson', 'writing', 60, 1, 0.00, 1, TRUE, NULL),
('130e8400-e29b-41d4-a716-446655440030', 'd50e8400-e29b-41d4-a716-446655440020', NULL, 'Task 2 Essay Writing Practice', 'Write structured essays for Task 2', '{"description": "Practice Task 2 essay writing", "passage": "Some people believe that technology has improved our lives significantly, while others argue that it has created more problems than it has solved. Discuss both views and give your own opinion. Technology has undoubtedly transformed modern society in numerous ways. On one hand, it has revolutionized communication, healthcare, and education. On the other hand, concerns about privacy, job displacement, and social isolation have emerged."}', 'lesson', 'writing', 60, 1, 0.00, 1, TRUE, NULL),
('130e8400-e29b-41d4-a716-446655440031', 'd50e8400-e29b-41d4-a716-446655440021', NULL, 'Reading Question Types Practice', 'Practice all IELTS reading question types', '{"description": "Master all reading question types", "passage": "The passage discusses the importance of biodiversity in maintaining ecosystem balance. Biodiversity refers to the variety of life on Earth, including the diversity of species, genes, and ecosystems. High biodiversity is essential for ecosystem stability, as different species play unique roles in maintaining ecological processes."}', 'lesson', 'reading', 35, 2, 75.00, 1, TRUE, NULL),
('130e8400-e29b-41d4-a716-446655440032', 'd50e8400-e29b-41d4-a716-446655440022', NULL, 'Speaking Part 3 Practice', 'Practice Part 3 discussion skills', '{"description": "Improve Part 3 speaking skills", "topic": "Technology and Education", "instructions": "Discuss abstract topics related to technology and education. Express your opinions, analyze problems, and discuss implications. Provide well-structured answers with examples and reasoning."}', 'lesson', 'speaking', 10, 2, 0.00, 1, TRUE, NULL),
('130e8400-e29b-41d4-a716-446655440033', 'd50e8400-e29b-41d4-a716-446655440023', NULL, 'Listening Section 4 Practice', 'Practice academic lecture listening', '{"description": "Master Section 4 listening skills", "audio_url": "/test/audio.mp3", "audio_duration": 600, "transcript": "Today''s lecture focuses on ancient civilizations and their contributions to modern society. We will explore the development of early human societies, their achievements in architecture, science, and culture, and how these ancient innovations continue to influence our world today."}', 'lesson', 'listening', 30, 2, 70.00, 1, TRUE, '/test/audio.mp3'),
('130e8400-e29b-41d4-a716-446655440034', 'd50e8400-e29b-41d4-a716-446655440024', NULL, 'GT Reading Practice', 'Practice General Training reading', '{"description": "GT reading comprehension practice", "passage": "Looking for a reliable cleaning service? Our company offers professional cleaning services for homes and offices. We have been serving the community for over 10 years with a team of experienced and trained staff. Our services include regular house cleaning, deep cleaning, office maintenance, and specialized cleaning for events."}', 'lesson', 'reading', 30, 3, 70.00, 1, TRUE, NULL),
('130e8400-e29b-41d4-a716-446655440035', 'd50e8400-e29b-41d4-a716-446655440025', NULL, 'GT Writing Task 1 Practice', 'Practice letter writing for GT', '{"description": "Master GT letter writing", "passage": "You recently stayed at a hotel and were not satisfied with the service. Write a letter to the hotel manager explaining what went wrong and what you would like them to do about it. Include details about your stay, the specific problems you encountered, and your expectations for resolution."}', 'lesson', 'writing', 60, 1, 0.00, 1, TRUE, NULL);

-- Insert question groups for exercises
INSERT INTO question_groups (id, exercise_id, image_url, group_title, group_instruction, passage_reference, question_type, ordering, question_range, correct_answer_count) VALUES
-- Reading question groups with full passages
('160e8400-e29b-41d4-a716-446655440001', '130e8400-e29b-41d4-a716-446655440001', NULL, 'Questions 1-5', 'Read the passage and answer questions 1-5', 'Climate change is one of the most pressing issues facing humanity today. Scientists have been warning about the consequences of global warming for decades. The Earth''s average temperature has risen by approximately 1.1 degrees Celsius since the late 1800s, primarily due to human activities such as burning fossil fuels, deforestation, and industrial processes. This warming has led to more frequent and severe weather events, rising sea levels, and the loss of biodiversity. Governments and organizations worldwide are now taking action to reduce greenhouse gas emissions and transition to renewable energy sources. However, the challenge remains significant, and immediate action is required to prevent catastrophic climate change.', 'multiple_choice', 1, '1-5', 5),
('160e8400-e29b-41d4-a716-446655440002', '130e8400-e29b-41d4-a716-446655440001', NULL, 'Questions 6-10', 'Complete the summary using words from the passage', 'The passage discusses the urgent need to address climate change through reducing emissions and adopting renewable energy. Scientists emphasize that human activities are the primary cause of global warming, which has resulted in extreme weather patterns and environmental degradation. The text highlights that while progress is being made, more comprehensive action is necessary to mitigate the effects of climate change.', 'fill_blank', 2, '6-10', 5),
('160e8400-e29b-41d4-a716-446655440003', '130e8400-e29b-41d4-a716-446655440002', NULL, 'Questions 1-4', 'Match the headings to the paragraphs', 'Renewable energy sources have become increasingly important in recent years as the world seeks to reduce its dependence on fossil fuels. Solar energy has many advantages over traditional energy sources, including being clean, abundant, and sustainable. Wind energy has seen significant development in many countries, with large-scale wind farms now providing substantial amounts of electricity. The future of renewable energy looks promising as technology continues to improve and costs decrease, making it more accessible to people worldwide.', 'matching', 1, '1-4', 4),
('160e8400-e29b-41d4-a716-446655440004', '130e8400-e29b-41d4-a716-446655440025', NULL, 'Questions 1-5', 'Complete the sentences with correct grammar', NULL, 'fill_blank', 1, '1-5', 5),
('160e8400-e29b-41d4-a716-446655440005', '130e8400-e29b-41d4-a716-446655440026', NULL, 'Questions 1-6', 'Choose the correct vocabulary word', NULL, 'multiple_choice', 1, '1-6', 6),
('160e8400-e29b-41d4-a716-446655440006', '130e8400-e29b-41d4-a716-446655440028', NULL, 'Passage 1', 'Read Passage 1 and answer questions 1-7', 'The development of artificial intelligence has transformed many aspects of modern life. From healthcare to transportation, AI technology is revolutionizing how we work and live. Machine learning algorithms can now diagnose diseases with remarkable accuracy, while autonomous vehicles promise to make roads safer. However, these advances also raise important questions about privacy, job displacement, and the ethical use of AI. As we continue to integrate AI into our daily lives, it is crucial to develop frameworks that ensure these technologies benefit all of humanity.', 'multiple_choice', 1, '1-7', 7),
('160e8400-e29b-41d4-a716-446655440007', '130e8400-e29b-41d4-a716-446655440031', NULL, 'Questions 1-5', 'Multiple choice questions', 'The passage discusses the importance of biodiversity in maintaining ecosystem balance. Biodiversity refers to the variety of life on Earth, including the diversity of species, genes, and ecosystems. High biodiversity is essential for ecosystem stability, as different species play unique roles in maintaining ecological processes. Climate change poses a significant threat to global biodiversity, with many species facing extinction due to habitat loss and changing environmental conditions. Conservation efforts are crucial to protect biodiversity and ensure the long-term health of our planet.', 'multiple_choice', 1, '1-5', 5),
('160e8400-e29b-41d4-a716-446655440008', '130e8400-e29b-41d4-a716-446655440031', NULL, 'Questions 6-10', 'True/False/Not Given questions', 'The passage discusses the importance of biodiversity in maintaining ecosystem balance. Biodiversity refers to the variety of life on Earth, including the diversity of species, genes, and ecosystems. High biodiversity is essential for ecosystem stability, as different species play unique roles in maintaining ecological processes. Climate change poses a significant threat to global biodiversity, with many species facing extinction due to habitat loss and changing environmental conditions. Conservation efforts are crucial to protect biodiversity and ensure the long-term health of our planet.', 'true_false', 2, '6-10', 5),
('160e8400-e29b-41d4-a716-446655440009', '130e8400-e29b-41d4-a716-446655440031', NULL, 'Questions 11-15', 'Matching headings to paragraphs', 'Climate change poses a significant threat to global biodiversity. Rising temperatures and changing precipitation patterns are forcing many species to migrate or adapt to new conditions. Some species may not be able to adapt quickly enough, leading to population declines and potential extinctions. Solutions to environmental issues require coordinated efforts at local, national, and international levels. Individual actions matter, such as reducing energy consumption and supporting sustainable practices. Government policies needed include regulations on emissions and incentives for renewable energy. Conclusion and recommendations emphasize the urgency of taking action now to preserve biodiversity for future generations.', 'matching', 3, '11-15', 5),
('160e8400-e29b-41d4-a716-446655440010', '130e8400-e29b-41d4-a716-446655440034', NULL, 'Section 1', 'Read Section 1 and answer questions 1-6', 'Looking for a reliable cleaning service? Our company offers professional cleaning services for homes and offices. We have been serving the community for over 10 years with a team of experienced and trained staff. Our services include regular house cleaning, deep cleaning, office maintenance, and specialized cleaning for events. We use eco-friendly products and modern equipment to ensure the best results. Contact us today for a free quote and let us help you maintain a clean and healthy environment.', 'multiple_choice', 1, '1-6', 6),
-- Listening question groups (audio will be in exercises.content or questions)
('160e8400-e29b-41d4-a716-446655440011', '130e8400-e29b-41d4-a716-446655440006', NULL, 'Section 1', 'Listen to Section 1 and answer questions 1-5. You will hear a conversation between a student and a librarian about finding a book. The conversation takes place in a university library.', NULL, 'multiple_choice', 1, '1-5', 5),
('160e8400-e29b-41d4-a716-446655440012', '130e8400-e29b-41d4-a716-446655440033', NULL, 'Section 4', 'Listen to the lecture and answer questions 1-10. You will hear an academic lecture about ancient civilizations, focusing on their development, achievements, and contributions to modern society. The lecture discusses various ancient cultures including the Egyptians, Greeks, and Romans.', NULL, 'multiple_choice', 1, '1-10', 10),
-- Speaking question groups with topics
('160e8400-e29b-41d4-a716-446655440013', '130e8400-e29b-41d4-a716-446655440003', NULL, 'Part 1', 'Answer personal questions about yourself. This section focuses on familiar topics such as your hometown, hobbies, work or studies, and daily activities. Speak naturally and provide detailed answers to demonstrate your fluency and vocabulary range.', NULL, 'speaking', 1, '1-3', 3),
('160e8400-e29b-41d4-a716-446655440014', '130e8400-e29b-41d4-a716-446655440032', NULL, 'Part 3', 'Discuss abstract topics related to the previous part. This section explores broader issues and requires you to express opinions, analyze problems, and discuss implications. Topics may include technology, education, society, environment, or culture. Provide well-structured answers with examples and reasoning.', NULL, 'speaking', 1, '1-4', 4),
-- Writing question groups
('160e8400-e29b-41d4-a716-446655440015', '130e8400-e29b-41d4-a716-446655440005', NULL, 'Task 1', 'Write a 150-word report describing the chart. The chart shows the percentage of renewable energy sources used in different countries in 2020. Germany had the highest percentage at 45%, followed by Denmark at 40%, and the United Kingdom at 35%. Japan had the lowest percentage at 15%. The chart illustrates the varying levels of renewable energy adoption across different nations, with European countries generally showing higher percentages compared to Asian countries.', '/test/image.jpg', 'essay', 1, '1', 1),
('160e8400-e29b-41d4-a716-446655440016', '130e8400-e29b-41d4-a716-446655440005', NULL, 'Task 2', 'Write a 250-word essay on the given topic. Some people believe that technology has improved our lives significantly, while others argue that it has created more problems than it has solved. Discuss both views and give your own opinion. Technology has undoubtedly transformed modern society in numerous ways. On one hand, it has revolutionized communication, healthcare, and education, making information more accessible and improving quality of life. On the other hand, concerns about privacy, job displacement, and social isolation have emerged. It is essential to consider both perspectives when evaluating technology''s impact on our lives.', NULL, 'essay', 2, '2', 1),
('160e8400-e29b-41d4-a716-446655440017', '130e8400-e29b-41d4-a716-446655440029', NULL, 'Task 1', 'Write a 150-word description of the chart provided. The bar chart illustrates the percentage of renewable energy sources used in different countries in 2020. Overall, Germany had the highest percentage at 45%, followed by Denmark at 40%, and the United Kingdom at 35%. Japan had the lowest percentage at 15%. The chart demonstrates the varying levels of renewable energy adoption across different nations, with European countries generally showing higher percentages compared to Asian countries.', '/test/image.jpg', 'essay', 1, '1', 1),
('160e8400-e29b-41d4-a716-446655440018', '130e8400-e29b-41d4-a716-446655440030', NULL, 'Task 2', 'Write a 250-word essay on the given topic. Many people believe that social media has had a negative impact on society, while others argue that it has brought people closer together. Discuss both views and give your own opinion. Social media platforms have become an integral part of modern life, connecting billions of people worldwide. Proponents argue that social media facilitates communication, enables information sharing, and helps maintain relationships across distances. Critics, however, point to issues such as cyberbullying, privacy concerns, and the spread of misinformation. The debate continues as we navigate the complex relationship between social media and society.', NULL, 'essay', 1, '1', 1),
('160e8400-e29b-41d4-a716-446655440019', '130e8400-e29b-41d4-a716-446655440035', NULL, 'Task 1', 'Write a letter for General Training. You recently stayed at a hotel and were not satisfied with the service. Write a letter to the hotel manager explaining what went wrong and what you would like them to do about it. Include details about your stay, the specific problems you encountered, and your expectations for resolution. The letter should be formal but polite, clearly stating your concerns and desired outcome.', NULL, 'essay', 1, '1', 1);

-- Insert matching options for matching question groups
INSERT INTO matching_options (id, set_id, option_text, ordering) VALUES
-- Matching options for question group 003
('170e8400-e29b-41d4-a716-446655440001', '160e8400-e29b-41d4-a716-446655440003', 'Introduction to renewable energy', 1),
('170e8400-e29b-41d4-a716-446655440002', '160e8400-e29b-41d4-a716-446655440003', 'Solar energy advantages', 2),
('170e8400-e29b-41d4-a716-446655440003', '160e8400-e29b-41d4-a716-446655440003', 'Wind energy development', 3),
('170e8400-e29b-41d4-a716-446655440004', '160e8400-e29b-41d4-a716-446655440003', 'Future of renewable energy', 4),
-- Matching options for question group 009
('170e8400-e29b-41d4-a716-446655440005', '160e8400-e29b-41d4-a716-446655440009', 'The problem of climate change', 1),
('170e8400-e29b-41d4-a716-446655440006', '160e8400-e29b-41d4-a716-446655440009', 'Solutions to environmental issues', 2),
('170e8400-e29b-41d4-a716-446655440007', '160e8400-e29b-41d4-a716-446655440009', 'Individual actions matter', 3),
('170e8400-e29b-41d4-a716-446655440008', '160e8400-e29b-41d4-a716-446655440009', 'Government policies needed', 4),
('170e8400-e29b-41d4-a716-446655440009', '160e8400-e29b-41d4-a716-446655440009', 'Conclusion and recommendations', 5);

-- Insert questions for question groups
INSERT INTO questions (id, exercise_id, question_group_id, question_text, question_type, image_url, audio_url, audio_duration, reading_passage, explanation, points, ordering, difficulty_level, question_group) VALUES
-- Questions for reading exercise 001
('140e8400-e29b-41d4-a716-446655440029', '130e8400-e29b-41d4-a716-446655440001', '160e8400-e29b-41d4-a716-446655440001', 'What is the main topic of the passage?', 'multiple_choice', NULL, NULL, NULL, 'Climate change is one of the most pressing issues facing humanity today. Scientists have been warning about the consequences of global warming for decades...', '{"correct_answer": "Climate change and its effects"}', 1.00, 1, 6.0, 'Passage 1'),
('140e8400-e29b-41d4-a716-446655440030', '130e8400-e29b-41d4-a716-446655440001', '160e8400-e29b-41d4-a716-446655440001', 'According to paragraph 2, what is the primary cause of climate change?', 'multiple_choice', NULL, NULL, NULL, NULL, '{"correct_answer": "Human activities"}', 1.00, 2, 6.5, 'Passage 1'),
('140e8400-e29b-41d4-a716-446655440031', '130e8400-e29b-41d4-a716-446655440001', '160e8400-e29b-41d4-a716-446655440001', 'What does the author suggest in paragraph 3?', 'multiple_choice', NULL, NULL, NULL, NULL, '{"correct_answer": "Immediate action is required"}', 1.00, 3, 7.0, 'Passage 1'),
('140e8400-e29b-41d4-a716-446655440032', '130e8400-e29b-41d4-a716-446655440001', '160e8400-e29b-41d4-a716-446655440001', 'Complete the sentence: The passage states that renewable energy is _____.', 'fill_blank', NULL, NULL, NULL, NULL, '{"correct_answer": "essential"}', 1.00, 6, 6.5, 'Passage 1'),
('140e8400-e29b-41d4-a716-446655440033', '130e8400-e29b-41d4-a716-446655440001', '160e8400-e29b-41d4-a716-446655440002', 'Fill in the blank: Scientists believe that _____ action is necessary.', 'fill_blank', NULL, NULL, NULL, NULL, '{"correct_answer": "immediate"}', 1.00, 7, 6.0, 'Passage 1'),
-- Questions for reading exercise 002 (matching)
('140e8400-e29b-41d4-a716-446655440034', '130e8400-e29b-41d4-a716-446655440002', '160e8400-e29b-41d4-a716-446655440003', 'Paragraph A', 'matching', NULL, NULL, NULL, 'Renewable energy sources have become increasingly important in recent years as the world seeks to reduce its dependence on fossil fuels...', '{"correct_answer": "Introduction to renewable energy"}', 1.00, 1, 6.5, 'Passage 1'),
('140e8400-e29b-41d4-a716-446655440035', '130e8400-e29b-41d4-a716-446655440002', '160e8400-e29b-41d4-a716-446655440003', 'Paragraph B', 'matching', NULL, NULL, NULL, 'Solar energy has many advantages over traditional energy sources...', '{"correct_answer": "Solar energy advantages"}', 1.00, 2, 7.0, 'Passage 1'),
('140e8400-e29b-41d4-a716-446655440036', '130e8400-e29b-41d4-a716-446655440002', '160e8400-e29b-41d4-a716-446655440003', 'Paragraph C', 'matching', NULL, NULL, NULL, 'Wind energy has seen significant development in many countries...', '{"correct_answer": "Wind energy development"}', 1.00, 3, 7.0, 'Passage 1'),
('140e8400-e29b-41d4-a716-446655440037', '130e8400-e29b-41d4-a716-446655440002', '160e8400-e29b-41d4-a716-446655440003', 'Paragraph D', 'matching', NULL, NULL, NULL, 'The future of renewable energy looks promising as technology continues to improve...', '{"correct_answer": "Future of renewable energy"}', 1.00, 4, 7.5, 'Passage 1'),
-- Questions for grammar exercise
('140e8400-e29b-41d4-a716-446655440038', '130e8400-e29b-41d4-a716-446655440025', '160e8400-e29b-41d4-a716-446655440004', 'Complete: I _____ studying English for five years.', 'fill_blank', NULL, NULL, NULL, NULL, '{"correct_answer": "have been"}', 1.00, 1, 6.0, 'Grammar'),
('140e8400-e29b-41d4-a716-446655440039', '130e8400-e29b-41d4-a716-446655440025', '160e8400-e29b-41d4-a716-446655440004', 'Complete: The book _____ by many students.', 'fill_blank', NULL, NULL, NULL, NULL, '{"correct_answer": "is read"}', 1.00, 2, 6.5, 'Grammar'),
-- Questions for vocabulary exercise
('140e8400-e29b-41d4-a716-446655440040', '130e8400-e29b-41d4-a716-446655440026', '160e8400-e29b-41d4-a716-446655440005', 'Choose the best word: The research shows a _____ correlation between education and income.', 'multiple_choice', NULL, NULL, NULL, NULL, '{"correct_answer": "significant"}', 1.00, 1, 7.0, 'Vocabulary'),
('140e8400-e29b-41d4-a716-446655440041', '130e8400-e29b-41d4-a716-446655440026', '160e8400-e29b-41d4-a716-446655440005', 'Choose the best word: The government needs to _____ policies to address climate change.', 'multiple_choice', NULL, NULL, NULL, NULL, '{"correct_answer": "implement"}', 1.00, 2, 7.5, 'Vocabulary'),
-- Questions for reading time management exercise
('140e8400-e29b-41d4-a716-446655440042', '130e8400-e29b-41d4-a716-446655440028', '160e8400-e29b-41d4-a716-446655440006', 'What is the main idea of Passage 1?', 'multiple_choice', NULL, NULL, NULL, 'The development of artificial intelligence has transformed many aspects of modern life...', '{"correct_answer": "AI transformation"}', 1.00, 1, 6.5, 'Passage 1'),
-- Questions for reading question types exercise
('140e8400-e29b-41d4-a716-446655440043', '130e8400-e29b-41d4-a716-446655440031', '160e8400-e29b-41d4-a716-446655440007', 'What is the main purpose of the passage?', 'multiple_choice', NULL, NULL, NULL, 'The passage discusses the importance of biodiversity in maintaining ecosystem balance...', '{"correct_answer": "To explain biodiversity importance"}', 1.00, 1, 6.5, 'Passage 1'),
('140e8400-e29b-41d4-a716-446655440044', '130e8400-e29b-41d4-a716-446655440031', '160e8400-e29b-41d4-a716-446655440008', 'Biodiversity is only important in tropical regions.', 'true_false', NULL, NULL, NULL, NULL, '{"correct_answer": "False"}', 1.00, 6, 6.0, 'Passage 1'),
('140e8400-e29b-41d4-a716-446655440045', '130e8400-e29b-41d4-a716-446655440031', '160e8400-e29b-41d4-a716-446655440009', 'Paragraph A', 'matching', NULL, NULL, NULL, 'Climate change poses a significant threat to global biodiversity...', '{"correct_answer": "The problem of climate change"}', 1.00, 11, 7.0, 'Passage 1'),
-- Questions for listening exercises
('140e8400-e29b-41d4-a716-446655440046', '130e8400-e29b-41d4-a716-446655440006', '160e8400-e29b-41d4-a716-446655440011', 'What is the woman looking for?', 'multiple_choice', NULL, '/test/audio.mp3', 300, NULL, '{"correct_answer": "A library book"}', 1.00, 1, 6.0, 'Section 1'),
('140e8400-e29b-41d4-a716-446655440047', '130e8400-e29b-41d4-a716-446655440033', '160e8400-e29b-41d4-a716-446655440012', 'What is the main topic of the lecture?', 'multiple_choice', NULL, '/test/audio.mp3', 600, NULL, '{"correct_answer": "Ancient civilizations"}', 1.00, 1, 7.0, 'Section 4'),
-- Questions for speaking exercises
('140e8400-e29b-41d4-a716-446655440048', '130e8400-e29b-41d4-a716-446655440003', '160e8400-e29b-41d4-a716-446655440013', 'What is your favorite hobby?', 'speaking', NULL, NULL, NULL, NULL, '{"correct_answer": "Speak about your hobby in detail"}', 0.00, 1, 5.5, 'Part 1'),
('140e8400-e29b-41d4-a716-446655440049', '130e8400-e29b-41d4-a716-446655440032', '160e8400-e29b-41d4-a716-446655440014', 'Do you think technology has improved education?', 'speaking', NULL, NULL, NULL, NULL, '{"correct_answer": "Discuss both advantages and disadvantages"}', 0.00, 1, 7.0, 'Part 3'),
-- Questions for GT exercises
('140e8400-e29b-41d4-a716-446655440050', '130e8400-e29b-41d4-a716-446655440034', '160e8400-e29b-41d4-a716-446655440010', 'What is the main purpose of the advertisement?', 'multiple_choice', NULL, NULL, NULL, 'Looking for a reliable cleaning service? Our company offers professional cleaning services for homes and offices...', '{"correct_answer": "To advertise cleaning services"}', 1.00, 1, 5.5, 'Section 1');

-- Insert question options for multiple choice questions
INSERT INTO question_options (id, question_id, option_text, is_correct, ordering, explanation, point) VALUES
-- Options for question 029
('150e8400-e29b-41d4-a716-446655440031', '140e8400-e29b-41d4-a716-446655440029', 'Climate change and its effects', TRUE, 1, 'This is the main topic throughout the passage', 1.00),
('150e8400-e29b-41d4-a716-446655440032', '140e8400-e29b-41d4-a716-446655440029', 'Economic development', FALSE, 2, 'Not the main focus', 0.00),
('150e8400-e29b-41d4-a716-446655440033', '140e8400-e29b-41d4-a716-446655440029', 'Political systems', FALSE, 3, 'Not discussed', 0.00),
('150e8400-e29b-41d4-a716-446655440034', '140e8400-e29b-41d4-a716-446655440029', 'Social media', FALSE, 4, 'Not mentioned', 0.00),
-- Options for question 030
('150e8400-e29b-41d4-a716-446655440035', '140e8400-e29b-41d4-a716-446655440030', 'Human activities', TRUE, 1, 'Paragraph 2 clearly states this', 1.00),
('150e8400-e29b-41d4-a716-446655440036', '140e8400-e29b-41d4-a716-446655440030', 'Natural disasters', FALSE, 2, 'Not the primary cause', 0.00),
('150e8400-e29b-41d4-a716-446655440037', '140e8400-e29b-41d4-a716-446655440030', 'Animal behavior', FALSE, 3, 'Not mentioned', 0.00),
('150e8400-e29b-41d4-a716-446655440038', '140e8400-e29b-41d4-a716-446655440030', 'Weather patterns', FALSE, 4, 'This is an effect, not a cause', 0.00),
-- Options for question 031
('150e8400-e29b-41d4-a716-446655440039', '140e8400-e29b-41d4-a716-446655440031', 'Immediate action is required', TRUE, 1, 'Paragraph 3 emphasizes urgency', 1.00),
('150e8400-e29b-41d4-a716-446655440040', '140e8400-e29b-41d4-a716-446655440031', 'More research is needed', FALSE, 2, 'Not the main suggestion', 0.00),
('150e8400-e29b-41d4-a716-446655440041', '140e8400-e29b-41d4-a716-446655440031', 'Wait and see approach', FALSE, 3, 'Contradicts the passage', 0.00),
('150e8400-e29b-41d4-a716-446655440042', '140e8400-e29b-41d4-a716-446655440031', 'Individual action is enough', FALSE, 4, 'Not stated', 0.00),
-- Options for question 040
('150e8400-e29b-41d4-a716-446655440043', '140e8400-e29b-41d4-a716-446655440040', 'significant', TRUE, 1, 'Best fits the academic context', 1.00),
('150e8400-e29b-41d4-a716-446655440044', '140e8400-e29b-41d4-a716-446655440040', 'small', FALSE, 2, 'Opposite meaning', 0.00),
('150e8400-e29b-41d4-a716-446655440045', '140e8400-e29b-41d4-a716-446655440040', 'unclear', FALSE, 3, 'Does not fit', 0.00),
('150e8400-e29b-41d4-a716-446655440046', '140e8400-e29b-41d4-a716-446655440040', 'random', FALSE, 4, 'Incorrect', 0.00),
-- Options for question 041
('150e8400-e29b-41d4-a716-446655440047', '140e8400-e29b-41d4-a716-446655440041', 'implement', TRUE, 1, 'Correct verb for policies', 1.00),
('150e8400-e29b-41d4-a716-446655440048', '140e8400-e29b-41d4-a716-446655440041', 'ignore', FALSE, 2, 'Opposite meaning', 0.00),
('150e8400-e29b-41d4-a716-446655440049', '140e8400-e29b-41d4-a716-446655440041', 'discuss', FALSE, 3, 'Too weak', 0.00),
('150e8400-e29b-41d4-a716-446655440050', '140e8400-e29b-41d4-a716-446655440041', 'delay', FALSE, 4, 'Not appropriate', 0.00),
-- Options for question 042
('150e8400-e29b-41d4-a716-446655440051', '140e8400-e29b-41d4-a716-446655440042', 'AI transformation', TRUE, 1, 'Main idea of the passage', 1.00),
('150e8400-e29b-41d4-a716-446655440052', '140e8400-e29b-41d4-a716-446655440042', 'Computer history', FALSE, 2, 'Too narrow', 0.00),
('150e8400-e29b-41d4-a716-446655440053', '140e8400-e29b-41d4-a716-446655440042', 'Job market', FALSE, 3, 'Only one aspect', 0.00),
('150e8400-e29b-41d4-a716-446655440054', '140e8400-e29b-41d4-a716-446655440042', 'Education systems', FALSE, 4, 'Not the main focus', 0.00),
-- Options for question 043
('150e8400-e29b-41d4-a716-446655440055', '140e8400-e29b-41d4-a716-446655440043', 'To explain biodiversity importance', TRUE, 1, 'Main purpose stated in introduction', 1.00),
('150e8400-e29b-41d4-a716-446655440056', '140e8400-e29b-41d4-a716-446655440043', 'To describe animal species', FALSE, 2, 'Too narrow', 0.00),
('150e8400-e29b-41d4-a716-446655440057', '140e8400-e29b-41d4-a716-446655440043', 'To promote tourism', FALSE, 3, 'Not mentioned', 0.00),
('150e8400-e29b-41d4-a716-446655440058', '140e8400-e29b-41d4-a716-446655440043', 'To criticize governments', FALSE, 4, 'Not the purpose', 0.00),
-- Options for question 046
('150e8400-e29b-41d4-a716-446655440059', '140e8400-e29b-41d4-a716-446655440046', 'A library book', TRUE, 1, 'Mentioned in the conversation', 1.00),
('150e8400-e29b-41d4-a716-446655440060', '140e8400-e29b-41d4-a716-446655440046', 'A restaurant', FALSE, 2, 'Not mentioned', 0.00),
('150e8400-e29b-41d4-a716-446655440061', '140e8400-e29b-41d4-a716-446655440046', 'A job', FALSE, 3, 'Not the topic', 0.00),
('150e8400-e29b-41d4-a716-446655440062', '140e8400-e29b-41d4-a716-446655440046', 'A course', FALSE, 4, 'Not discussed', 0.00),
-- Options for question 047
('150e8400-e29b-41d4-a716-446655440063', '140e8400-e29b-41d4-a716-446655440047', 'Ancient civilizations', TRUE, 1, 'Main topic of the lecture', 1.00),
('150e8400-e29b-41d4-a716-446655440064', '140e8400-e29b-41d4-a716-446655440047', 'Modern technology', FALSE, 2, 'Not discussed', 0.00),
('150e8400-e29b-41d4-a716-446655440065', '140e8400-e29b-41d4-a716-446655440047', 'Future predictions', FALSE, 3, 'Not the focus', 0.00),
('150e8400-e29b-41d4-a716-446655440066', '140e8400-e29b-41d4-a716-446655440047', 'Current events', FALSE, 4, 'Not mentioned', 0.00),
-- Options for question 050
('150e8400-e29b-41d4-a716-446655440067', '140e8400-e29b-41d4-a716-446655440050', 'To advertise cleaning services', TRUE, 1, 'Clear purpose of the advertisement', 1.00),
('150e8400-e29b-41d4-a716-446655440068', '140e8400-e29b-41d4-a716-446655440050', 'To sell products', FALSE, 2, 'Not mentioned', 0.00),
('150e8400-e29b-41d4-a716-446655440069', '140e8400-e29b-41d4-a716-446655440050', 'To provide information', FALSE, 3, 'Too general', 0.00),
('150e8400-e29b-41d4-a716-446655440070', '140e8400-e29b-41d4-a716-446655440050', 'To recruit staff', FALSE, 4, 'Not the purpose', 0.00);